id,SMILES,InChIKey,pSat_Pa,ChemPot_kJmol,FreeEnergy_kJmol,HeatOfVap_kJmol,MW,NumOfAtoms,NumOfC,NumOfO,NumOfN,NumHBondDonors,NumOfConf,NumOfConfUsed,parentspecies,C=C (non-aromatic),C=C-C=O in non-aromatic ring,hydroxyl (alkyl),aldehyde,ketone,carboxylic acid,ester,ether (alicyclic),nitrate,nitro,aromatic hydroxyl,carbonylperoxynitrate,peroxide,hydroperoxide,carbonylperoxyacid,nitroester
100809,C12OOC(C1(O)C)C(OO)C(O)C2(ON(=O)(=O)),TXLAJLFBOQXVTN-UHFFFAOYSA-N,9.84833899e-06,4.26973016,-2639634.63436128,127.66568072,253.043380932,28,7,9,1,3,68.0,11.0,toluene,0,0,2,0,0,0,0,0,1,0,0,0,1,1,0,0
11712,C(=O)(O)C(O)C(O)C(OO)C(=O),QXQIFULVHGTXBH-UHFFFAOYSA-N,2.87313842e-06,5.47468032,-1896203.21120224,129.07083528,180.027002596,20,5,7,0,4,386.0,21.0,toluene,0,0,2,1,0,1,0,0,0,0,0,0,0,1,0,0
32538,C(=O)(OO)C(ON(=O)(=O))C(OO)C1(C)OC1(O)C(=O)(OON(=O)(=O)),YVVINRLCMZARIG-UHFFFAOYSA-N,0.000146130051,16.510064,-3963844.52657784,118.47489712,359.9924675559999,32,7,15,2,3,281.0,28.0,toluene,0,0,1,0,0,0,0,1,1,0,0,1,0,1,1,0
152549,CC(OO)(C)C(ON(=O)(=O))(C(=O)(OO))C(=O)C(O),UWLIEVAXQQOHNO-UHFFFAOYSA-N,9.7358594e-06,10.09707984,-2837242.50822752,124.45525568000002,269.038295552,29,7,10,1,3,327.0,13.0,apin,0,0,1,0,1,0,0,0,1,0,0,0,0,1,1,0
146216,CC(ON(=O)(=O))C1OOC(ON(=O)(=O))(C1(=O))C(=O)(O),ZSDGMDQNNAXLCT-UHFFFAOYSA-N,0.0148304021,14.13317544,-3070631.38249232,96.15288056,281.997159012,25,6,11,2,1,46.0,18.0,toluene,0,0,0,0,1,1,0,0,2,0,0,0,1,0,0,0
19385,C(=O)(O)C1(N(=O)(=O))OOC(OO)(C1(O)(O))C(ON(=O)(=O))C(=O),QQPNEKKTTRUAHI-UHFFFAOYSA-N,1.0548372800000002e-05,10.03808544,-3663286.015218,125.82718928,329.981902872,28,6,14,2,4,212.0,8.0,toluene,0,0,2,1,0,1,0,0,1,1,0,0,1,1,0,0
133944,CC(O)(C(=O)(O))OOC(=O)C(O)C(=O),FIOPWOLSPPOAFU-UHFFFAOYSA-N,0.000298704988,10.54916104,-2193952.9031971204,114.23981048,208.021917216,22,6,8,0,3,160.0,14.0,toluene,0,0,2,1,1,1,0,0,0,0,0,0,1,0,0,0
38692,C(=O)(OON(=O)(=O))C(=O)OC(OO)(C)C(O)C(O)C(=O),OSEVJVGNNARHNX-UHFFFAOYSA-N,0.00341172212,12.14707248,-3229316.85947248,110.88420064,299.012474728,29,7,12,1,3,284.0,11.0,toluene,0,0,2,1,0,0,1,0,0,0,0,1,0,1,0,0
15719,C(=O)(O)C(ON(=O)(=O))CC(=O)C(OO)(C)C(=O)(OO),IHLXBZQSJQHBAB-UHFFFAOYSA-N,2.1824009e-05,9.7305196,-3031800.471444,123.21892552,283.017560108,28,7,11,1,3,508.0,30.0,apin,0,0,0,0,1,1,0,0,1,0,0,0,0,1,1,0
38515,C(=O)(OON(=O)(=O))C(=O)OC(=O)C(O)(C)C(=O)C(=O),KLTZWGHSDCMFRS-UHFFFAOYSA-N,4.92,16.60177728,-3025568.0766736004,72.88268592,278.98625998,24,7,11,1,1,50.0,21.0,toluene,0,0,1,1,1,0,2,0,0,0,0,1,0,0,0,0
68323,C(ON(=O)(=O))C1(O)OOC(O)(C1(O)(O))C(=O),MYZFUKWFVFPJGD-UHFFFAOYSA-N,4.37957596e-06,28.095685520000004,-2631215.05400928,127.41087512,241.006995424,23,5,10,1,4,107.0,2.0,toluene,0,0,4,1,0,0,0,0,1,0,0,0,1,0,0,0
120328,CC(=O)C(OO)(C1(C)C(ON(=O)(=O)))CC1(ON(=O)(=O))C(=O),DEAQKTNUPAVYJE-UHFFFAOYSA-N,0.000857287874,7.8822376,-3182716.0962858405,101.487104,308.049194584,33,9,10,2,1,57.0,40.0,apin,0,0,0,1,1,0,0,0,2,0,0,0,0,1,0,0
64416,C(ON(=O)(=O))C(=O)C1(N(=O)(=O))OC1(OO)C(OO),MXXCQBFEFXNXFR-UHFFFAOYSA-N,0.00369745951,17.22703424,-2970223.80153712,101.11907936,269.997159012,24,5,11,2,2,262.0,40.0,toluene,0,0,0,0,1,0,0,1,1,1,0,0,0,2,0,0
26333,C(=O)(OO)C(=O)C(=O)C(O)C(ON(=O)(=O))(C(=O))C(=O),NDGKRQBFEWOTDB-UHFFFAOYSA-N,0.0001994286769999,15.65410128,-3025469.5066544004,112.139568,278.98625998,24,7,11,1,2,264.0,40.0,toluene,0,0,1,2,2,0,0,0,1,0,0,0,0,0,1,0
29347,C(=O)(OO)C(N(=O)(=O))C(=O)C1(C)OC1(OO)C(=O),XUQLORDXPNZQPD-UHFFFAOYSA-N,8.11952444e-05,21.54998488,-2830891.2099510403,111.884344,265.006995424,25,7,10,1,2,74.0,25.0,toluene,0,0,0,1,1,0,0,1,0,1,0,0,0,1,1,0
124565,CC(=O)C1CC(OO)(C1(OO)C)CC(=O),RLXZEEXZZNLSFV-UHFFFAOYSA-N,5.80035254e-06,4.453198560000001,-2108174.6687024003,124.14480288,218.079038168,29,9,6,0,2,90.0,40.0,apin,0,0,0,1,1,0,0,0,0,0,0,0,0,2,0,0
127603,CC(=O)CC(ON(=O)(=O))CCC(=O)CC(ON(=O)(=O)),WATOGXHYIVDXMQ-UHFFFAOYSA-N,0.000258026365,12.26886872,-2791018.47553888,108.72759968,278.075015408,33,9,8,2,0,54.0,40.0,decane,0,0,0,0,2,0,0,0,2,0,0,0,0,0,0,0
110630,CC(=O)C(C(=O)C)C(ON(=O)(=O))C(ON(=O)(=O))CC(=O)(O),QCTBASJYPSTFMO-UHFFFAOYSA-N,7.572891009999999e-05,14.195893600000002,-3183124.73262896,117.08518152,308.049194584,33,9,10,2,1,307.0,40.0,apin,0,0,0,0,2,1,0,0,2,0,0,0,0,0,0,0
133759,CC(O)(C(=O)(O))C(OO)(C(=O)(OON(=O)(=O)))OOC(=O),PDHNZPJKXIUPHC-UHFFFAOYSA-N,4.53412912e-05,11.551689280000002,-3323529.66860368,123.70669624,300.991739284,27,6,13,1,3,526.0,30.0,toluene,0,0,1,1,0,1,0,0,0,0,0,1,1,1,0,0
164881,CCC(=O)CC(ON(=O)(=O))C(=O)CCC(OO)C,WODYDXNCFMLAQD-UHFFFAOYSA-N,0.000223113745,7.60613544,-2554486.15839216,111.7837188,263.10050188400004,35,10,7,1,1,173.0,40.0,decane,0,0,0,0,2,0,0,0,1,0,0,0,0,1,0,0
39315,C(=O)(OON(=O)(=O))C(N(=O)(=O))=CC(C(=O)(O))OOC(=O),CYZYIOUZUKVCDO-UHFFFAOYSA-N,0.000307736712,12.60065992,-3264953.60249648,111.74413816000002,295.976423568,24,6,12,2,1,135.0,40.0,toluene,1,0,0,1,0,1,0,0,0,1,0,1,1,0,0,0
63857,C(ON(=O)(=O))C(=O)C(ON(=O)(=O))C(OO)(C1(O))OOC1C(=O)(OO),QWRAFRSZOLNDJE-UHFFFAOYSA-N,1.70453915e-05,18.31023,-3963857.74103056,126.56993296000002,359.9924675559999,32,7,15,2,3,746.0,40.0,toluene,0,0,1,0,1,0,0,0,2,0,0,0,1,1,1,0
41693,C(=O)(OON(=O)(=O))C(ON(=O)(=O))C(=O)OOC(C(=O)(OO))(C(O))C(=O),PWVAWENOYKSZCL-UHFFFAOYSA-N,0.0001806331469999,16.40341384,-4158322.33732472,117.61562904,373.9717321119999,31,7,16,2,2,711.0,40.0,toluene,0,0,1,1,1,0,0,0,1,0,0,1,1,0,1,0
101261,C12OOC(O)(C1(=O))C(ON(=O)(=O))(OO)C(ON(=O)(=O))C2(OO),QNOQTSSHACELOU-UHFFFAOYSA-N,0.000300867593,16.11936208,-3662874.35242032,115.91341048,329.9819028719999,28,6,14,2,3,67.0,4.0,toluene,0,0,1,0,1,0,0,0,2,0,0,0,1,2,0,0
48360,C(=O)C(=O)C1(O)OC1(C(=O)(OO))C(O),VFEZDAYZFGYVNF-UHFFFAOYSA-N,7.1466766e-06,13.15964232,-2190595.91531488,126.68327752,206.006267152,20,6,8,0,3,121.0,4.0,toluene,0,0,2,1,1,0,0,1,0,0,0,0,0,0,1,0
93108,C1(O)C(ON(=O)(=O))OOC1C(=O)(OON(=O)(=O)),KDVCDPCZTWPTME-UHFFFAOYSA-N,0.7765879870000001,15.37168128,-2867046.3957204,80.55195791999999,255.98150894800003,21,4,11,2,1,17.0,14.0,toluene,0,0,1,0,0,0,0,0,1,0,0,1,1,0,0,0
34395,C(=O)(OO)C1(O)OC1(ON(=O)(=O))C(C(OO))C(=O),ZKMJVDZRAJJODI-UHFFFAOYSA-N,4.919225679999999e-05,9.04417624,-2928341.61208944,120.56225288000002,269.001910044,25,6,11,1,3,276.0,40.0,toluene,0,0,1,1,0,0,0,1,1,0,0,0,0,1,1,0
7266,C(=O)(O)C(=O)OOC(O)C(=O)C(ON(=O)(=O)),LQYUTXLFOLUCLJ-UHFFFAOYSA-N,0.000571609114,17.15239168,-2627840.8690920803,111.59259368,238.99134536,21,5,10,1,2,112.0,34.0,toluene,0,0,1,0,2,1,0,0,1,0,0,0,1,0,0,0
11966,C(=O)(O)C(O)C(ON(=O)(=O))(C)C1OC1(ON(=O)(=O))C(=O)(OO),ZIBKWIPOQLIDNJ-UHFFFAOYSA-N,2.28735085e-06,11.23768008,-3569078.1520768804,135.3779224,328.0026383159999,30,7,13,2,3,258.0,17.0,toluene,0,0,1,0,0,1,0,1,2,0,0,0,0,0,1,0
150752,CC(OO)(C(ON(=O)(=O)))C(OO)(C(O)(C)C(=O))CC(=O),HQIVCGQRTBKMIV-UHFFFAOYSA-N,7.283065970000001e-09,2.3260111200000004,-3043703.02372568,143.28894592,297.06959568,35,9,10,1,3,759.0,40.0,apin,0,0,1,2,0,0,0,0,1,0,0,0,0,2,0,0
60927,C(O)C1(C(=O))OOC(O)(C1(O))C(OO)C(=O),MPEFGTHPXNXZNA-UHFFFAOYSA-N,7.29510782e-10,0.40932072,-2494457.46246272,161.83427488,238.0324819,26,7,9,0,4,392.0,11.0,toluene,0,0,3,2,0,0,0,0,0,0,0,0,1,1,0,0
144501,CC(ON(=O)(=O))(C)OOC(C(OO)(C)C(=O))CC(=O),IPEPKBHGKFZWBV-UHFFFAOYSA-N,0.00038220698,10.4231808,-2846132.34963608,108.82299488,281.07468106000005,34,9,9,1,1,262.0,40.0,apin,0,0,0,2,0,0,0,0,1,0,0,0,1,1,0,0
37042,C(=O)(OO)CC(OO)C(C)(C)C(C(=O)(OON(=O)(=O)))C(=O)C,YPSJUBDLBKUBIO-UHFFFAOYSA-N,0.00189095861,9.79541344,-3341388.62696584,113.15950168,325.0645103,37,10,11,1,2,234.0,13.0,apin,0,0,0,0,1,0,0,0,0,0,0,1,0,1,1,0
112137,CC(=O)C(C)(C(O))C(ON(=O)(=O))C(=O)(O),DRJWGGJIYRYMMV-UHFFFAOYSA-N,0.000162397664,5.22008392,-2244955.9896376003,111.37151112,221.053551692,26,7,7,1,2,143.0,40.0,apin,0,0,1,0,1,1,0,0,1,0,0,0,0,0,0,0
84329,C1(=O)OC1C(O)C(=O)C(ON(=O)(=O))(OO)C(=O)C(ON(=O)(=O)),SLDBECCKLXEOLA-UHFFFAOYSA-N,0.0083669177,18.64336008,-3565766.6208024,103.3205328,325.986988252,28,7,13,2,2,511.0,40.0,toluene,0,0,1,0,2,0,1,0,2,0,0,0,0,1,0,0
191,C(=O)(N(=O)(=O))C(=O)OC(=O)C,HLFCIINJMWCZOL-UHFFFAOYSA-N,49.626000000000005,18.16855976,-1734405.52862392,56.60943631999999,160.996036816,14,4,6,1,0,4.0,4.0,toluene,0,0,0,0,0,0,1,0,0,1,0,0,0,0,0,1
3778,C(=O)(O)C(=O)C(N(=O)(=O))C(=O)OC(OO)C(=O)(O),PQGMBCKVMNOHHZ-UHFFFAOYSA-N,8.40440744e-06,18.69858888,-2925676.11108392,123.77836816,266.98625998,23,6,11,1,3,494.0,40.0,toluene,0,0,0,0,1,2,0,0,0,1,0,0,0,1,0,1
40533,C(=O)(OON(=O)(=O))C(O)C(N(=O)(=O))(C1(O)(O))OOC1C(=O),UXDMZRFZEZJDGJ-UHFFFAOYSA-N,0.000301470626,11.29688368,-3465678.67899576,115.75973216,313.98698825199995,27,6,13,2,3,180.0,15.0,toluene,0,0,3,1,0,0,0,0,0,1,0,1,1,0,0,0
151523,CC(OO)(C)C(C(=O)(OON(=O)(=O)))CC(=O)C(O),WTSXENCZJTUYGE-UHFFFAOYSA-N,3.70833652e-05,8.142649760000001,-2742989.58353192,122.82910224,267.05903099600005,31,8,9,1,2,246.0,40.0,apin,0,0,1,0,1,0,0,0,0,0,0,1,0,1,0,0
21281,C(=O)(O)C1OC1(C(OO))C(ON(=O)(=O))C(O)(OO)C(=O),GSOSMIUSJWYGMG-UHFFFAOYSA-N,9.84910864e-09,14.359571679999998,-3229226.69611344,149.33357072,299.012474728,29,7,12,1,4,591.0,40.0,toluene,0,0,1,1,0,1,0,1,1,0,0,0,0,2,0,0
7524,C(=O)(O)C(C(=O)(O))=CC1OC1(O)C(=O),DRMWRTCEHYJJGZ-UHFFFAOYSA-N,3.17830499e-07,3.544977680000001,-2093408.05181264,136.54914952,202.011352532,20,7,7,0,3,69.0,12.0,toluene,1,0,1,1,0,2,0,1,0,0,0,0,0,0,0,0
108448,CC(=O)C(=O)CC(C(OO)(C)C)C(O)C(=O)(OON(=O)(=O)),UQEOGAUAEYWPRQ-UHFFFAOYSA-N,0.000356330986,6.693563200000001,-3143945.74344936,111.0845724,309.06959568,36,10,10,1,2,431.0,40.0,apin,0,0,1,0,2,0,0,0,0,0,0,1,0,1,0,0
60,C(=O)(N(=O)(=O))C(=O)C(C)(C(=O))OOC(=O)C(=O),PXMJHMBYYPDMNL-UHFFFAOYSA-N,0.0918391928,21.336056960000004,-2630320.26594496,86.42583368000001,246.99643074,22,7,9,1,0,18.0,18.0,toluene,0,0,0,2,2,0,0,0,0,1,0,0,1,0,0,0
153967,CC(OO)C(=O)C(ON(=O)(=O))CC(=O)CC(=O)(OO),CLTBAMKRXMNQSJ-UHFFFAOYSA-N,1.22200626e-05,15.93367616,-2937402.91185152,123.90464128,281.038295552,30,8,10,1,2,372.0,37.0,decane,0,0,0,0,2,0,0,0,1,0,0,0,0,1,1,0
71925,C(OO)C(=O)C1OOC(C1(=O))C(ON(=O)(=O))C(=O)(OO),XOPVTRUBJUYBQT-UHFFFAOYSA-N,0.0002783180889999,18.5165012,-3225882.3418610403,113.00013312,296.996824664,27,7,12,1,2,171.0,40.0,toluene,0,0,0,0,2,0,0,0,1,0,0,0,1,1,1,0
67071,C(ON(=O)(=O))C(OO)(C(=O))C(OO)(C(=O))C(=O)C,GVWLMEVBVYVNSR-UHFFFAOYSA-N,0.00012529592,15.96304784,-2833978.7674378403,117.84102112,267.0226454880001,27,7,10,1,2,394.0,40.0,apin,0,0,0,2,1,0,0,0,1,0,0,0,0,2,0,0
97454,C1(OO)OC1(C(OO))C(O)C(=O)(OON(=O)(=O)),XVNUBQBNHWPAED-UHFFFAOYSA-N,0.00380762726,14.08966184,-2828042.52070616,104.66644192,257.001910044,24,5,11,1,3,325.0,39.0,toluene,0,0,1,0,0,0,0,1,0,0,0,1,0,2,0,0
65489,C(ON(=O)(=O))C(=O)OOC(ON(=O)(=O))(C(=O))C(=O)C(=O),AOVGPNBLFZXZTF-UHFFFAOYSA-N,0.33609419,18.41909768,-3264931.7880828,82.83889048,295.976423568,24,6,12,2,0,56.0,4.0,toluene,0,0,0,2,2,0,0,0,2,0,0,0,1,0,0,0
53844,C(O)(N(=O)(=O))C(C(=O)(O))OOC(=O)C(=O),NCVYZVDSAKUHCF-UHFFFAOYSA-N,3.7012729700000006e-05,15.4653192,-2430294.3371427204,119.40671576,222.99643074,20,5,9,1,2,107.0,23.0,toluene,0,0,1,1,1,1,0,0,0,1,0,0,1,0,0,0
104597,C2(O)C(ON(=O)(=O))C(=O)C(O)(C1(O))OOC12C(O),ZORIJGKPBWKURQ-UHFFFAOYSA-N,1.92789632e-06,5.63576432,-2834305.47055912,136.49559432,267.022645488,27,7,10,1,4,83.0,18.0,toluene,0,0,4,0,1,0,0,0,1,0,0,0,1,0,0,0
20466,C(=O)(O)C1(OO)OC1(C(=O)(OON(=O)(=O)))C(O)C(ON(=O)(=O))C(=O),PDSFYNLLHPOHRV-UHFFFAOYSA-N,2.82236449e-06,14.6935804,-3960871.94114336,131.16655903999998,357.9768174919999,30,7,15,2,3,518.0,40.0,toluene,0,0,1,1,0,1,0,1,1,0,0,1,0,1,0,0
164859,CCC(=O)CC(ON(=O)(=O))C(O)CC(=O)(OO),UOGKZNXSDJJDQY-UHFFFAOYSA-N,8.14438828e-05,8.173569520000001,-2545607.1700704,111.82564248,251.064116376,30,8,8,1,2,209.0,3.0,decane,0,0,1,0,1,0,0,0,1,0,0,0,0,0,1,0
138505,CC(ON(=O)(=O))(C(=O)(O))C(C)(C)C(=O)C(=O)C(OO),DXXLNARYSHCDDY-UHFFFAOYSA-N,2.29221467e-06,10.22456632,-2843261.54364168,130.23817128000002,279.05903099600005,32,9,9,1,2,425.0,40.0,apin,0,0,0,0,2,1,0,0,1,0,0,0,0,1,0,0
144171,CC(ON(=O)(=O))(C)C(OO)CC(=O)C(=O),GCYFQDTWUQJCTQ-UHFFFAOYSA-N,0.0170085379,10.04519824,-2244612.77352352,94.3494092,221.053551692,26,7,7,1,1,84.0,40.0,apin,0,0,0,1,1,0,0,0,1,0,0,0,0,1,0,0
120356,CC(=O)C(OO)(C1(C)C(OO))CC1CC(=O)(OON(=O)(=O)),MIOKVCVCTAAGEV-UHFFFAOYSA-N,1.00781498e-05,4.35039768,-3143674.8849710403,129.57475624,309.06959568,36,10,10,1,2,150.0,40.0,apin,0,0,0,0,1,0,0,0,0,0,0,1,0,2,0,0
4114,C(=O)(O)C(=O)C(O)(O)C1OC1C(=O)C(=O)(OO),FMQWEHKRLULJGF-UHFFFAOYSA-N,4.85935447e-08,17.015407520000004,-2685957.37309096,128.87230448,249.996096392,23,7,10,0,4,184.0,1.0,toluene,0,0,2,0,2,1,0,1,0,0,0,0,0,0,1,0
55375,C(O)C(=O)C(O)C1OC1(OO)C(=O),UXEMUJJMDUSXPE-UHFFFAOYSA-N,1.69184251e-08,6.917783760000001,-1996122.55981672,150.29015864,192.027002596,21,6,7,0,3,165.0,3.0,toluene,0,0,2,1,1,0,0,1,0,0,0,0,0,1,0,0
148143,CC(OO)(C(=O)(O))C(C(=O))OOC(=O)C(=O)(O),OKTTWRYJWUULAJ-UHFFFAOYSA-N,1.37260324e-08,8.38080304,-2689060.10046472,151.92137472,252.01174645600005,25,7,10,0,3,513.0,40.0,toluene,0,0,0,1,1,2,0,0,0,0,0,0,1,1,0,0
32928,C(=O)(OO)C(OO)(C(=O))OC(=O)C(=O)CC(=O),IOHKVWSFKQMZTL-UHFFFAOYSA-N,3.917348079999999e-05,13.21064528,-2685750.3993136804,114.27729912,249.996096392,23,7,10,0,2,293.0,40.0,toluene,0,0,0,2,1,0,1,0,0,0,0,0,0,1,1,0
128128,CC(=O)CCC(=O)C(O),YXADPHVQSSNJLB-UHFFFAOYSA-N,0.0203088913,15.08294344,-1209234.60993224,80.9497308,130.06299418,19,6,3,0,1,15.0,9.0,apin,0,0,1,0,2,0,0,0,0,0,0,0,0,0,0,0
35485,C(=O)(OO)C1OC1C(C(=O)(O))=CC(=O)(OO),FFETWCKVYSEWSP-UHFFFAOYSA-N,3.13482659e-07,10.6386568,-2488192.03706248,138.26036368,234.001181772,22,7,9,0,3,48.0,2.0,toluene,1,0,0,0,0,1,0,1,0,0,0,0,0,0,2,0
57803,C(O)C(=O)OOC(ON(=O)(=O))C(OO)C(=O),LTWDIXAJZWDHLF-UHFFFAOYSA-N,0.0064103261299999,16.30061296,-2630699.5411936003,99.77404888,241.006995424,23,5,10,1,2,248.0,40.0,toluene,0,0,1,1,1,0,0,0,1,0,0,0,1,1,0,0
112357,CC(=O)C(C)(C)C(ON(=O)(=O))(C(=O)(OO))C(=O)C(OO),XIKHORRGFMNMFC-UHFFFAOYSA-N,0.000491137349,8.7294976,-3040620.8647704003,108.94621368,295.053945616,33,9,10,1,2,324.0,40.0,apin,0,0,0,0,2,0,0,0,1,0,0,0,0,1,1,0
52096,C(=O)C1(OO)OC1(C(O))C(ON(=O)(=O))C(=O),VUIWXCPMENZJJX-UHFFFAOYSA-N,0.00130282292,11.00107488,-2533270.05616824,104.10528384,237.012080804,23,6,9,1,2,151.0,40.0,toluene,0,0,1,2,0,0,0,1,1,0,0,0,0,1,0,0
99430,C12(O)OOC(OO)(C1(=O))C(=O)C(ON(=O)(=O))C2(=O),CZUFQPHHHJZKGE-UHFFFAOYSA-N,0.0562426341,19.30953656,-2921960.5755727203,88.01985400000001,264.970609916,21,6,11,1,2,17.0,14.0,toluene,0,0,1,0,3,0,0,0,1,0,0,0,1,1,0,0
157002,CC1(C(=O)(OON(=O)(=O)))OOC(N(=O)(=O))(C1(O)(O))C(=O),DTKDMHPXQFVPBH-UHFFFAOYSA-N,0.0162866658,12.15862032,-3268082.4565235204,84.66888840000001,297.992073632,26,6,12,2,2,39.0,9.0,toluene,0,0,2,1,0,0,0,0,0,1,0,1,1,0,0,0
88269,C1(O)(O)C(ON(=O)(=O))OOC1(O)C(=O)(OO),JFFWEVYOBYNHRL-UHFFFAOYSA-N,0.0128459598,18.984816320000004,-2725118.54156856,97.5250652,242.98625998,21,4,11,1,4,38.0,6.0,toluene,0,0,3,0,0,0,0,0,1,0,0,0,1,0,1,0
105208,C2(OO)C=CC(C1(O)C(OO))OOC12,CJCCZRBXEUNVDB-UHFFFAOYSA-N,3.699039e-06,6.338718160000001,-2099006.09720528,127.46593656000002,206.04265266,24,7,7,0,3,59.0,40.0,toluene,1,0,1,0,0,0,0,0,0,0,0,0,1,2,0,0
65130,C(ON(=O)(=O))C(=O)OC(=O)C(O)C(ON(=O)(=O))C(=O)(OO),IIFVJJGQYXFQJS-UHFFFAOYSA-N,0.000216267474,17.362344800000002,-3465898.51585344,117.09923976,313.98698825199995,27,6,13,2,2,324.0,40.0,toluene,0,0,1,0,0,0,2,0,2,0,0,0,0,0,1,0
112401,CC(=O)C(C)(C)C(OO)(C(=O)(O))C(=O)(O),QNCPYNRVVNLMRU-UHFFFAOYSA-N,5.1951119e-07,3.1133144,-2202926.9979810403,134.37840664,220.058302724,27,8,7,0,3,179.0,10.0,apin,0,0,0,0,1,2,0,0,0,0,0,0,0,1,0,0
35610,C(=O)(OO)C1OC1C(ON(=O)(=O))(C(=O))C(O)C(=O)(OO),YXORDTWJEUDKCZ-UHFFFAOYSA-N,2.2889359e-05,12.84462896,-3226053.3028206406,118.78426208,296.996824664,27,7,12,1,3,172.0,11.0,toluene,0,0,1,1,0,0,0,1,1,0,0,0,0,0,2,0
28731,C(=O)(OO)C(C(=O)(OON(=O)(=O)))OOC(=O),KXNDZLSRYRGDAH-UHFFFAOYSA-N,0.1365875819999999,16.538640720000004,-2721738.66323152,83.1291764,240.970609916,19,4,11,1,1,42.0,21.0,toluene,0,0,0,1,0,0,0,0,0,0,0,1,1,0,1,0
73549,C(OO)C(ON(=O)(=O))(C(=O))OOC(=O)C(O)C(=O),PIQVFAJPKQLMIT-UHFFFAOYSA-N,0.00106350938,18.11387488,-2928358.4788394403,106.16992048000002,269.00191004400006,25,6,11,1,2,392.0,15.0,toluene,0,0,1,2,1,0,0,0,1,0,0,0,1,1,0,0
123883,CC(=O)C1C(=O)C(C)C1(C)C(=O)(OON(=O)(=O)),DIBPFUQLBRDOEB-UHFFFAOYSA-N,0.7251672940000001,14.61768264,-2444876.58586328,76.08696048,245.053551692,28,9,7,1,0,3.0,3.0,apin,0,0,0,0,2,0,0,0,0,0,0,1,0,0,0,0
49998,C(=O)C(O)C(ON(=O)(=O))C(=O)OOC(ON(=O)(=O))C(=O),COTLGAFGXBUCJV-UHFFFAOYSA-N,0.00160366179,15.79309376,-3268153.09390768,106.2959844,297.992073632,26,6,12,2,1,204.0,40.0,toluene,0,0,1,2,1,0,0,0,2,0,0,0,1,0,0,0
89970,C1(O)(OO)C(OO)OOC1(C)C(=O)(O),NGHPGGYFEZHMDH-UHFFFAOYSA-N,8.44857605e-06,7.53563504,-2291006.7799151205,124.30927592,212.016831836,22,5,9,0,4,138.0,21.0,toluene,0,0,1,0,0,1,0,0,0,0,0,0,1,2,0,0
118776,CC(=O)C(ON(=O)(=O))CC(=O)CC(OO)C(ON(=O)(=O))(C)C,JOFCANCDLAPKKL-UHFFFAOYSA-N,3.73743833e-05,11.7693828,-3289256.95840696,119.43801208,324.080494712,38,10,10,2,1,334.0,40.0,apin,0,0,0,0,2,0,0,0,2,0,0,0,0,1,0,0
7088,C(=O)(O)C(=O)OOC(C(=O)C)C(ON(=O)(=O))C(=O),OJPFPLKOJBVLKI-UHFFFAOYSA-N,0.00010578325,16.425923760000003,-2831172.0402820804,115.19133576000002,265.006995424,25,7,10,1,1,109.0,40.0,toluene,0,0,0,1,2,1,0,0,1,0,0,0,1,0,0,0
123993,CC(=O)C1C(ON(=O)(=O))C(C1(C)C(OO))C(OO)C(=O)(OON(=O)(=O)),HCANGGRIKUFZPS-UHFFFAOYSA-N,1.31108841e-06,5.26740496,-3878446.943951441,137.25909063999998,370.0495885079999,39,10,13,2,2,422.0,40.0,apin,0,0,0,0,1,0,0,0,1,0,0,1,0,2,0,0
27677,C(=O)(OO)C(=O)C1(OO)OC1C=CC(=O)(OO),IGSHVYYAUWZPRN-UHFFFAOYSA-N,1.03307824e-06,11.66679112,-2685473.3166751205,131.0311648,249.996096392,23,7,10,0,3,80.0,20.0,toluene,1,0,0,0,1,0,0,1,0,0,0,0,0,1,2,0
110643,CC(=O)C(C(=O)C)C(OO)=C(OO),ZEYDTCOVGREPLY-UHFFFAOYSA-N,4.07183071e-05,18.63524312,-1901923.04070128,103.62424936,190.04773804,23,7,6,0,2,43.0,14.0,apin,1,0,0,0,2,0,0,0,0,0,0,0,0,2,0,0
53147,C(=O)OC(ON(=O)(=O))C(O)(C(=O)(OO))C(O)C(=O),NLDJIPBZTHEVAN-UHFFFAOYSA-N,0.000916291663,11.2001496,-2928672.6856916,112.87436208,269.00191004400006,25,6,11,1,3,282.0,10.0,toluene,0,0,2,1,0,0,1,0,1,0,0,0,0,0,1,0
75252,C(OO)C1(OO)OC1(C(ON(=O)(=O)))C(=O)(OO),JLZDRPJJUZRVPH-UHFFFAOYSA-N,0.00134650359,15.810624720000002,-2828034.77478328,104.71175464,257.001910044,24,5,11,1,3,244.0,38.0,toluene,0,0,0,0,0,0,0,1,1,0,0,0,0,2,1,0
30929,C(=O)(OO)C(O)C(ON(=O)(=O))OOC(C(=O)(O))(C)C(=O),DYFRPMCYFPRWNX-UHFFFAOYSA-N,4.7240501800000007e-07,11.442570560000002,-3229367.71352392,142.11211224,299.01247472800003,29,7,12,1,3,563.0,18.0,toluene,0,0,1,1,0,1,0,0,1,0,0,0,1,0,1,0
139834,CC(ON(=O)(=O))(C(=O)(OON(=O)(=O)))C(O)C1OC1(OO)C(=O),RACZCANDHPQHOC-UHFFFAOYSA-N,0.000742975116,9.72880416,-3568776.3972271206,111.28021624,328.00263831599995,30,7,13,2,2,211.0,40.0,toluene,0,0,1,1,0,0,0,1,1,0,0,1,0,1,0,0
32279,C(=O)(OO)C(ON(=O)(=O))C(ON(=O)(=O))(C)C1OC1C(=O)(OO),OPDOBTXOJOGWBF-UHFFFAOYSA-N,2.4582845e-05,16.389899520000004,-3568819.38699032,123.6771572,328.00263831599995,30,7,13,2,2,93.0,1.0,toluene,0,0,0,0,0,0,0,1,2,0,0,0,0,0,2,0
157535,CC1(C(ON(=O)(=O)))C(OO)C(ON(=O)(=O))C1CC(=O)(OO),DZGQABOORJPHPI-UHFFFAOYSA-N,1.64400491e-06,8.15277504,-3280084.8288362403,129.74132128,312.04410920399994,33,8,11,2,2,124.0,12.0,apin,0,0,0,0,0,0,0,0,2,0,0,0,0,1,1,0
87240,C1(O)(O)C(C(ON(=O)(=O)))OOC1(C)C(=O)(OO),ZZDJPWFOJPUHLU-UHFFFAOYSA-N,2.4657238100000004e-05,12.93726272,-2734050.28695048,118.37460664,255.022645488,26,6,10,1,3,89.0,40.0,toluene,0,0,2,0,0,0,0,0,1,0,0,0,1,0,1,0
106561,CC(=O)C(=O)C(O)(O)C(N(=O)(=O))(OO)C(=O)C(=O),WJCZMQXGJPBODV-UHFFFAOYSA-N,0.00175284995,23.98653728,-2831115.70360072,104.1803448,265.006995424,25,7,10,1,3,308.0,23.0,toluene,0,0,2,1,3,0,0,0,0,1,0,0,0,1,0,0
22521,C(=O)(O)C1OOC(N(=O)(=O))(C1(O)(O))C(=O),VPACYYBFDQBQGC-UHFFFAOYSA-N,0.00014551241,16.02250248,-2430273.20547416,107.02768232,222.99643074,20,5,9,1,3,16.0,2.0,toluene,0,0,2,1,0,1,0,0,0,1,0,0,1,0,0,0
39475,C(=O)(OON(=O)(=O))C(O)(C(=O))C(=O)C1OC1C(=O),GUUBELLWCFNHMR-UHFFFAOYSA-N,19.415,16.82758776,-2827815.19051368,75.4161816,262.99134536,23,7,10,1,1,48.0,13.0,toluene,0,0,1,2,1,0,0,1,0,0,0,1,0,0,0,0
62,C(=O)(N(=O)(=O))C(=O)C(C)C(=O)(OO),KIDCAGZOOCLYIC-UHFFFAOYSA-N,0.0722004939,17.398578240000003,-2035040.62672304,83.28494672000001,191.0066015,18,5,7,1,1,16.0,6.0,toluene,0,0,0,0,1,0,0,0,0,1,0,0,0,0,1,0
107590,CC(=O)C(=O)C(OO)C(C(ON(=O)(=O)))C(=O)(OO),BXQUQJXKJYXTFT-UHFFFAOYSA-N,0.000106424099,12.72078256,-2834101.39139856,113.34439264,267.022645488,27,7,10,1,2,191.0,20.0,apin,0,0,0,0,2,0,0,0,1,0,0,0,0,1,1,0
16693,C(=O)(O)C(OO)C(=O)OOC(C(=O))C(=O)C(=O),VWJJVQGHDOTSNV-UHFFFAOYSA-N,6.10390882e-05,16.202037920000002,-2685752.0952144,117.29630616,249.996096392,23,7,10,0,2,414.0,40.0,toluene,0,0,0,2,2,1,0,0,0,0,0,0,1,1,0,0
95874,C1(ON(=O)(=O))OC1(C)C(OO)C(=O)C(=O),WGZWBOYTKJJQRU-UHFFFAOYSA-N,0.495145997,13.62732984,-2335662.50861216,76.58924968000001,221.017166184,22,6,8,1,1,58.0,32.0,toluene,0,0,0,1,1,0,0,1,1,0,0,0,0,1,0,0
87205,C1(O)(O)C(C(=O))OOC1(C(=O))C(=O)C(=O),MMCHDKVRGQDVGL-UHFFFAOYSA-N,6.959825550000002e-05,9.6160872,-2290655.9543184005,111.76723384,218.006267152,21,7,8,0,2,86.0,8.0,toluene,0,0,2,3,1,0,0,0,0,0,0,0,1,0,0,0
131784,CC(C(=O))C(ON(=O)(=O))(C)C(OO)C(=O),WLZBUEOZBKRFBM-UHFFFAOYSA-N,0.00133056108,9.71303048,-2244583.57815728,99.52430592,221.053551692,26,7,7,1,1,98.0,40.0,apin,0,0,0,2,0,0,0,0,1,0,0,0,0,1,0,0
158899,CC1(C)C(ON(=O)(=O))(C(=O)C(OO))CC1CC(=O)(OON(=O)(=O)),MZOMWVJRWPLUJU-UHFFFAOYSA-N,0.000570924534,7.9797248,-3483452.49467336,106.4802896,338.05975926799994,37,10,11,2,1,90.0,40.0,apin,0,0,0,0,1,0,0,0,1,0,0,1,0,1,0,0
132135,CC(C(ON(=O)(=O)))C(C(=O)(OON(=O)(=O)))C(=O)C(O),OAPWQKICQGJXFK-UHFFFAOYSA-N,0.00709513155,9.652446160000002,-2979492.64326368,98.06944544,282.03354452,29,7,10,2,1,117.0,40.0,apin,0,0,1,0,1,0,0,0,1,0,0,1,0,0,0,0
10412,C(=O)(O)C(O)(O)C(=O)OC(=O)C(O)C(=O)(O),QLMRWOVHICUMNT-UHFFFAOYSA-N,1.92932785e-09,14.589105920000002,-2586306.39519024,155.92818232000002,237.996096392,22,6,10,0,5,279.0,3.0,toluene,0,0,3,0,0,2,2,0,0,0,0,0,0,0,0,0
31568,C(=O)(OO)C(ON(=O)(=O))C(=O)C(O)(OO)C(=O)OC(=O),BHIJOTQBBSQGFU-UHFFFAOYSA-N,1.94939165e-05,18.147221360000003,-3320488.5214256,124.42931488000002,298.97608922,25,6,13,1,3,350.0,5.0,toluene,0,0,1,0,1,0,2,0,1,0,0,0,0,1,1,0
4168,C(=O)(O)C(=O)C(O)C(=O)C(O)C(=O)(OON(=O)(=O)),OUDVZPMUCQNLFZ-UHFFFAOYSA-N,0.000233537394,15.278001520000002,-2925548.521552,118.80794352,266.98625998,23,6,11,1,3,267.0,8.0,toluene,0,0,2,0,2,1,0,0,0,0,0,1,0,0,0,0
162660,CCCC(ON(=O)(=O))CC(=O)C(O)C(=O)C(O),UEHHTRWONJMCSQ-UHFFFAOYSA-N,0.000109745777,8.3033572,-2451404.3758034403,105.47102512,249.08485182,32,9,7,1,2,202.0,13.0,decane,0,0,2,0,2,0,0,0,1,0,0,0,0,0,0,0
25921,C(=O)(O)OOC(C(=O)(OON(=O)(=O)))C(ON(=O)(=O))(C)C(=O),ZNNXEDPOKUJGNK-UHFFFAOYSA-N,0.0046243239,12.78513248,-3465672.37843568,99.31564984,313.98698825199995,27,6,13,2,1,176.0,40.0,toluene,0,0,0,1,0,1,0,0,1,0,0,1,1,0,0,0
116153,CC(=O)C(ON(=O)(=O))(C1(C)C)C(OO)C1C(OO),DACZUNNKTARWQM-UHFFFAOYSA-N,0.000151698862,4.60373888,-2648504.69076352,115.3859336,265.07976644,33,9,8,1,2,147.0,40.0,apin,0,0,0,0,1,0,0,0,1,0,0,0,0,2,0,0
55075,C(O)C(=O)C(N(=O)(=O))=C(OO)C(OO)OC(=O),KRJOFOUTXVAKIH-UHFFFAOYSA-N,1.99067423e-06,8.774140880000001,-2730836.5559228803,127.11929216,253.006995424,24,6,10,1,3,472.0,20.0,toluene,1,0,1,0,1,0,1,0,0,1,0,0,0,2,0,0
134204,CC(O)(C(=O)(OO))C(O)C(=O),HULOSSPWYOMZMP-UHFFFAOYSA-N,7.38361382e-06,13.09479032,-1698564.28895984,106.12193,164.032087976,19,5,6,0,3,51.0,1.0,toluene,0,0,2,1,0,0,0,0,0,0,0,0,0,0,1,0
110655,CC(=O)C(C(=O)C)C(OO)C(ON(=O)(=O))C(O),YBRBVOAEPVARFI-UHFFFAOYSA-N,8.52407844e-06,8.87409664,-2545538.1632747203,123.96367752,251.064116376,30,8,8,1,2,500.0,40.0,apin,0,0,1,0,2,0,0,0,1,0,0,0,0,1,0,0
7961,C(=O)(O)C(C(=O))OOC(=O)C(=O)C(=O)C(=O),DHXSRZPTXZBESP-UHFFFAOYSA-N,0.000837941425,17.958732160000004,-2485148.59299392,104.33184744,231.985531708,20,7,9,0,1,85.0,24.0,toluene,0,0,0,2,3,1,0,0,0,0,0,0,1,0,0,0
44386,C(=O)(OON(=O)(=O))C1(O)OOC(OO)(C1(O)(O))C(ON(=O)(=O))C(=O),PSZJMNDMGJYAHM-UHFFFAOYSA-N,7.985441059999999e-07,11.62260808,-4058200.9903784,141.42781904,361.9717321119999,30,6,16,2,4,414.0,6.0,toluene,0,0,3,1,0,0,0,0,1,0,0,1,1,1,0,0
8437,C(=O)(O)C(C)(C(=O))OOC(OO)C(=O),FYTQFXANCXEEBV-UHFFFAOYSA-N,0.00049735817,14.12254808,-2193627.1384633603,107.77724592,208.021917216,22,6,8,0,2,325.0,40.0,toluene,0,0,0,2,0,1,0,0,0,0,0,0,1,1,0,0
112887,CC(=O)C(N(=O)(=O))(OO)C(O)(C1(=O))OOC1C(=O),ORZIENMYFIMERC-UHFFFAOYSA-N,9.65921463e-06,16.46964656,-2830904.80263736,115.46191504,265.006995424,25,7,10,1,2,53.0,5.0,toluene,0,0,1,1,2,0,0,0,0,1,0,0,1,1,0,0
70656,C(OO)C(=O)C(O)C(=O)OC(=O),NVXZAFOZLUMCRH-UHFFFAOYSA-N,0.0175016063999999,18.777331760000003,-1892999.81532408,93.21822296,178.011352532,18,5,7,0,2,114.0,26.0,toluene,0,0,1,0,1,0,2,0,0,0,0,0,0,1,0,0
45471,C(=O)(OON(=O)(=O))C1OC1C(OO)=C(C(ON(=O)(=O)))C(=O),IGIUDZXLALMYOV-UHFFFAOYSA-N,9.18465796e-05,9.55822248,-3367969.12583864,118.07218712,309.9920736319999,27,7,12,2,1,113.0,40.0,toluene,1,0,0,1,0,0,0,1,1,0,0,1,0,1,0,0
66193,C(ON(=O)(=O))C(O)C(C(=O))=C,ZBVGKGJQMGQTID-UHFFFAOYSA-N,0.958859755,8.42486056,-1643063.97125048,76.01043512,161.032422324,18,5,5,1,1,48.0,38.0,apin,1,0,1,1,0,0,0,0,1,0,0,0,0,0,0,0
13186,C(=O)(O)C(ON(=O)(=O))(C(=O))C(C(=O)(O))OOC(=O),OXGCUTDHURNMSC-UHFFFAOYSA-N,3.51011346e-06,10.23607232,-2925567.1448707203,128.094206,266.98625998000006,23,6,11,1,2,352.0,40.0,toluene,0,0,0,2,0,2,0,0,1,0,0,0,1,0,0,0
8560,C(=O)(O)C(N(=O)(=O))(ON(=O)(=O))C(O)(C)C(OO)OC(=O),MZLPRMWHFNZFLT-UHFFFAOYSA-N,3.26013707e-05,9.75549808,-3271524.68369888,122.90612968,300.007723696,28,6,12,2,3,400.0,40.0,toluene,0,0,1,0,0,1,1,0,1,1,0,0,0,1,0,0
42662,C(=O)(OON(=O)(=O))C(OO)=C,QTSNXAICYNABPZ-UHFFFAOYSA-N,343.171,12.776220560000002,-1831343.9498284,54.83261704000001,164.990951436,14,3,7,1,1,9.0,9.0,toluene,1,0,0,0,0,0,0,0,0,0,0,1,0,1,0,0
149605,CC(OO)(C(=O))C(C(=O)(OO))C(C)(C)C(=O),XQEWLRGCNMGAJC-UHFFFAOYSA-N,0.0009631159249999,9.68859592,-2305837.5940507203,108.70831144,234.073952788,30,9,7,0,2,117.0,12.0,apin,0,0,0,2,0,0,0,0,0,0,0,0,0,1,1,0
151029,CC(OO)(C(OO))C(ON(=O)(=O))(C)C(ON(=O)(=O))C(=O),ISYXTPKVPXPYKG-UHFFFAOYSA-N,0.000144610156,13.8948548,-3179910.24651488,115.03790848,300.044109204,32,7,11,2,2,349.0,40.0,apin,0,0,0,1,0,0,0,0,2,0,0,0,0,2,0,0
103642,C2(=O)C(=O)CC(O)(C1(O)(N(=O)(=O)))OOC12C,UMCVPJIBKZNPJK-UHFFFAOYSA-N,3.94035727e-05,12.93027544,-2435997.8441883205,114.0964248,233.017166184,23,7,8,1,2,3.0,2.0,,0,0,2,0,2,0,0,0,0,1,0,0,1,0,0,0
113499,CC(=O)C(O)(N(=O)(=O))C(O)(C1(O))OOC1C(=O)(OO),YUYQHELVEAUSNW-UHFFFAOYSA-N,2.21360294e-08,14.493376,-3031797.63628192,149.13947496,283.017560108,28,7,11,1,4,138.0,1.0,toluene,0,0,3,0,1,0,0,0,0,1,0,0,1,0,1,0
164507,CCC(O)C(=O)CC(=O)CC(=O)CC,KIZUOXAJOJSFNV-UHFFFAOYSA-N,0.008127169,9.4740404,-1816747.6091448,90.12218848000002,200.104858992,30,10,4,0,1,120.0,40.0,decane,0,0,1,0,3,0,0,0,0,0,0,0,0,0,0,0
21859,C(=O)(O)C1OC1C(C(=O)(OON(=O)(=O)))=CC(=O)(O),RIBVISMTAMRESD-UHFFFAOYSA-N,5.91223695e-05,6.85452168,-2828018.34944528,122.05874416,262.99134536,23,7,10,1,2,65.0,35.0,toluene,1,0,0,0,0,2,0,1,0,0,0,1,0,0,0,0
69129,C(ON(=O)(=O))CC(OO)(C)C(OO),ZWGGOXHPVHWTKI-UHFFFAOYSA-N,0.0109633299,7.1615436,-2044235.14709528,96.3018728,197.053551692,24,5,7,1,2,169.0,40.0,apin,0,0,0,0,0,0,0,0,1,0,0,0,0,2,0,0
135935,CC(O)(C)C(CC(=O)(OO))C(ON(=O)(=O))C(=O),TXUBHMGPEIZDGH-UHFFFAOYSA-N,0.0011084687099999,8.17787904,-2545578.91225488,109.26105968,251.064116376,30,8,8,1,2,134.0,12.0,apin,0,0,1,1,0,0,0,0,1,0,0,0,0,0,1,0
1307,C(=O)(N(=O)(=O))C1(O)OC1(C(O))C(OO),JSUDAYLSJUCONO-UHFFFAOYSA-N,8.33210816e-05,12.87056976,-2235706.50129592,114.00010912,209.017166184,21,5,8,1,3,196.0,30.0,toluene,0,0,2,0,0,0,0,1,0,1,0,0,0,1,0,0
39760,C(=O)(OON(=O)(=O))C(O)(O)C(OO)(C)C(OO)C(=O),GCIUHSUAFWUONU-UHFFFAOYSA-N,2.67883925e-06,8.824850960000001,-3128987.8944128803,133.59047576,287.012474728,28,6,12,1,4,726.0,8.0,toluene,0,0,2,1,0,0,0,0,0,0,0,1,0,2,0,0
50404,C(=O)C(ON(=O)(=O))C(=O)C(=O)C(=O)C(=O)C,ZRMJECOCVBQIOL-UHFFFAOYSA-N,0.60855662,18.26140272,-2432843.94749872,79.09282976,231.00151612,21,7,8,1,0,31.0,31.0,toluene,0,0,0,1,4,0,0,0,1,0,0,0,0,0,0,0
29500,C(=O)(OO)C(O)(C(=O)(OON(=O)(=O)))C(ON(=O)(=O))C1OC1(O)C(=O),VMYDLKSRUMAIDP-UHFFFAOYSA-N,0.00068807254,12.86462848,-3960847.2110256,121.81686712,357.9768174919999,30,7,15,2,3,217.0,13.0,toluene,0,0,2,1,0,0,0,1,1,0,0,1,0,0,1,0
15076,C(=O)(O)C(ON(=O)(=O))C(OO)(C(=O))OOC(=O)C(=O),SXTWYQKIUHMLQB-UHFFFAOYSA-N,0.00017121531,16.6186388,-3123108.1851945603,118.08352576,282.98117460000003,24,6,12,1,2,431.0,14.0,toluene,0,0,0,2,1,1,0,0,1,0,0,0,1,1,0,0
14587,C(=O)(O)C(ON(=O)(=O))C(O)C(OO)(C(=O))OC(=O),IAPFNCOPJTZEIR-UHFFFAOYSA-N,1.857764810000001e-05,10.7796576,-2928687.41835056,111.05382,269.00191004400006,25,6,11,1,3,552.0,40.0,toluene,0,0,1,1,0,1,1,0,1,0,0,0,0,1,0,0
47566,C(=O)C(=O)C(O)(O)C1(C(ON(=O)(=O)))OC1(O)C(=O),GNYYKHVHHSJYIX-UHFFFAOYSA-N,3.165,14.02690184,-2831173.88090736,85.35887184,265.006995424,25,7,10,1,3,223.0,1.0,toluene,0,0,3,2,1,0,0,1,1,0,0,0,0,0,0,0
14503,C(=O)(O)C(ON(=O)(=O))C(O)(OO)C1(N(=O)(=O))OC1(C)C(=O),YOPISYQWYJPHRH-UHFFFAOYSA-N,4.963450849999999e-06,15.701506,-3371484.38624024,132.52581512,312.007723696,29,7,12,2,3,257.0,15.0,toluene,0,0,1,1,0,1,0,1,1,1,0,0,0,1,0,0
47145,C(=O)C(=O)C(=O)CC(ON(=O)(=O))OC(=O),HXLSKOITECZAEA-UHFFFAOYSA-N,1.031,17.436066880000002,-2332816.81180592,76.17243959999999,219.00151612,20,6,8,1,0,30.0,30.0,toluene,0,0,0,1,2,0,1,0,1,0,0,0,0,0,0,0
64466,C(ON(=O)(=O))C(=O)C1(O)OC1C(O)(O)C(=O)C(=O),CCVGTMNMNDFSJP-UHFFFAOYSA-N,2.64436956e-06,15.59297304,-2831222.3913330403,133.07500696000002,265.006995424,25,7,10,1,3,249.0,40.0,toluene,0,0,3,1,2,0,0,1,1,0,0,0,0,0,0,0
40559,C(=O)(OON(=O)(=O))C(O)C(O)(C(=O)(OON(=O)(=O)))OOC(=O),MMQOVXVDUBFPBP-UHFFFAOYSA-N,0.0825422393,11.56194008,-3757420.09226392,94.433926,331.9611674279999,26,5,15,2,2,339.0,40.0,toluene,0,0,2,1,0,0,0,0,0,0,0,2,1,0,0,0
96970,C1(OO)C(O)(C)C(ON(=O)(=O))C(=O)OOC1C(=O)(OO),KSFDEJIQMSPVMI-UHFFFAOYSA-N,5.140201879999999e-07,14.62542304,-3229108.9152164,136.89989423999998,299.012474728,29,7,12,1,3,135.0,6.0,toluene,0,0,1,0,1,0,0,0,1,0,0,0,1,1,1,0
48354,C(=O)C(=O)C1(N(=O)(=O))OOC(=O)C1(O)(O),LZYDQZLEWBFPMM-UHFFFAOYSA-N,0.0504686242,16.28270544,-2427017.7508036,86.2236628,220.980780676,18,5,9,1,2,11.0,4.0,toluene,0,0,2,1,2,0,0,0,0,1,0,0,1,0,0,0
2756,C(=O)(N(=O)(=O))OC(=O)C(C)C(=O),IOFIPPDQCXJKRE-UHFFFAOYSA-N,2.955,17.68216976,-1837647.4654023205,71.17431688,175.01168688,17,5,6,1,0,11.0,11.0,toluene,0,0,0,1,0,0,2,0,0,1,0,0,0,0,0,0
92045,C1(O)C(O)(C(=O))OOC1(C(=O)(O))C(=O),GMTZWSHWKPHMAY-UHFFFAOYSA-N,2.0377045600000002e-07,9.22814672,-2190707.1127716,136.38358864,206.006267152,20,6,8,0,3,81.0,4.0,toluene,0,0,2,2,0,1,0,0,0,0,0,0,1,0,0,0
24086,C(=O)(O)CC(=O)C1(O)OC1(OO)C(=O),NWOKVOZUCAKNJB-UHFFFAOYSA-N,0.0576604914,13.15085592,-2190650.98784248,94.9929084,206.006267152,20,6,8,0,3,132.0,3.0,toluene,0,0,1,1,1,1,0,1,0,0,0,0,0,1,0,0
26575,C(=O)(OO)C(=O)C(C(O))(C(=O))OOC(=O),KMCLPDDFCVWRCN-UHFFFAOYSA-N,0.0004073090939999,14.13405408,-2388057.88824768,103.88256952,222.001181772,21,6,9,0,2,252.0,40.0,toluene,0,0,1,2,1,0,0,0,0,0,0,0,1,0,1,0
16068,C(=O)(O)C(OO)(C(=O))C(O)C(ON(=O)(=O))OC(=O),UYOAFSJAUUQXGL-UHFFFAOYSA-N,4.54513453e-07,10.42288792,-2928680.01614328,136.39773056,269.001910044,25,6,11,1,3,515.0,16.0,toluene,0,0,1,1,0,1,1,0,1,0,0,0,0,1,0,0
15298,C(=O)(O)C(ON(=O)(=O))C(OO)C1OC1(C(=O)(OO))C(=O),SYLCCKAZTOLZSH-UHFFFAOYSA-N,3.99826204e-08,12.21439304,-3226094.4587366404,147.76494728,296.99682466400003,27,7,12,1,3,339.0,39.0,toluene,0,0,0,1,0,1,0,1,1,0,0,0,0,1,1,0
84982,C1(N(=O)(=O))(ON(=O)(=O))OC1(O)C(O)(O)C(=O)C(=O),JQJRFLCZPNBFPX-UHFFFAOYSA-N,2.79708704e-05,17.163521120000002,-2967475.93146248,118.56062728,267.981508948,22,5,11,2,3,104.0,1.0,toluene,0,0,3,1,1,0,0,1,1,1,0,0,0,0,0,0
6845,C(=O)(O)C(=O)OC(OO)CC(=O)C(=O)C(ON(=O)(=O)),NJXNIRWJHHWUGX-UHFFFAOYSA-N,3.68953389e-05,14.60216,-3028806.7398643205,123.87384704,281.001910044,26,7,11,1,2,389.0,40.0,toluene,0,0,0,0,2,1,1,0,1,0,0,0,0,1,0,0
136897,CC(O)C(ON(=O)(=O))CC(OO)C(=O)CC(ON(=O)(=O))CC,ATNAFGAEKVLWRE-UHFFFAOYSA-N,8.87350835e-06,4.11638656,-3292431.28012936,131.87252536000005,326.096144776,40,10,10,2,2,459.0,40.0,decane,0,0,1,0,1,0,0,0,2,0,0,0,0,1,0,0
12159,C(=O)(O)C(O)C(ON(=O)(=O))C1(C)OC1(ON(=O)(=O))C(=O)(OO),MASYSIPUXGKWBU-UHFFFAOYSA-N,0.0001124657469999,15.63502224,-3569096.0495971204,118.82710624,328.0026383159999,30,7,13,2,3,219.0,17.0,toluene,0,0,1,0,0,1,0,1,2,0,0,0,0,0,1,0
14574,C(=O)(O)C(ON(=O)(=O))C(O)C(O)C(=O)C(=O)C(ON(=O)(=O)),BICXKNIEPRASDR-UHFFFAOYSA-N,0.000134106383,13.139224400000002,-3371736.0098664,124.3371832,312.007723696,29,7,12,2,3,771.0,40.0,toluene,0,0,2,0,2,1,0,0,2,0,0,0,0,0,0,0
26951,C(=O)(OO)C(=O)C(O)C(OO)(C(ON(=O)(=O)))OC(=O),KXIRUJJSOBGOKR-UHFFFAOYSA-N,2.06864892e-06,14.50136744,-3126049.99521704,133.10613592,284.996824664,26,6,12,1,3,554.0,40.0,toluene,0,0,1,0,1,0,1,0,1,0,0,0,0,1,1,0
85931,C1(O)(N(=O)(=O))C(ON(=O)(=O))(C)OOC1(O)C(=O)(O),FPJBZXYWZAQPIZ-UHFFFAOYSA-N,0.00189701463,18.50591568,-2970638.12778552,101.57743656,269.997159012,24,5,11,2,3,53.0,9.0,toluene,0,0,2,0,0,1,0,0,1,1,0,0,1,0,0,0
113465,CC(=O)C(O)(N(=O)(=O))C(=O)OOC(=O)C(=O)(OO),JAUQDJVZEIEIBP-UHFFFAOYSA-N,0.00169108903,20.65063408,-2925395.6986508,104.73196336,266.98625998000006,23,6,11,1,2,49.0,9.0,toluene,0,0,1,0,3,0,0,0,0,1,0,0,1,0,1,0
20857,C(=O)(O)C1(OO)OC1C(ON(=O)(=O))(C)C(O)C(=O),QHEFLHLHTJGZLG-UHFFFAOYSA-N,1.02417877e-06,8.41197384,-2834239.8661085595,133.78042936000003,267.022645488,27,7,10,1,3,504.0,40.0,toluene,0,0,1,1,0,1,0,1,1,0,0,0,0,1,0,0
138180,CC(ON(=O)(=O))(C(=O)(O))C(=O)C(=O)C(OO)C(=O)(OON(=O)(=O)),LBBQPXIXTWWWCB-UHFFFAOYSA-N,0.00117822805,16.939175040000002,-3763345.88811672,108.59212176,341.9819028719999,29,7,14,2,2,444.0,40.0,toluene,0,0,0,0,2,1,0,0,1,0,0,1,0,1,0,0
127201,CC(=O)CC(ON(=O)(=O))C(O)C(OO),UTQSBPYJNYIRSK-UHFFFAOYSA-N,0.0004907486309999,9.4198576,-2144569.54671064,109.80188352,209.053551692,25,6,7,1,2,258.0,40.0,decane,0,0,1,0,1,0,0,0,1,0,0,0,0,1,0,0
87852,C1(O)(O)C(O)(C(=O)(N(=O)(=O)))OOC1C(O)C(=O),LWGAQNQWZZEOHU-UHFFFAOYSA-N,6.01601164e-07,7.752157039999999,-2731074.8367730407,127.45568576000002,253.006995424,24,6,10,1,4,149.0,2.0,toluene,0,0,4,1,0,0,0,0,0,1,0,0,1,0,0,0
24036,C(=O)(O)CC(=O)C1(C(OO))OC1C(=O)(O),ITFUUOQZLVILPY-UHFFFAOYSA-N,2.8490394900000004e-08,9.33383456,-2294011.92414976,145.00333992,220.021917216,23,7,8,0,3,422.0,40.0,toluene,0,0,0,0,1,2,0,1,0,0,0,0,0,1,0,0
101891,C12OOC(ON(=O)(=O))(C1(O)C)C(=O)C(OO)C2(ON(=O)(=O)),CCUPGTURTLPBRY-UHFFFAOYSA-N,3.94902391e-05,11.75992696,-3371205.1698872,119.84854616,312.007723696,29,7,12,2,2,28.0,6.0,toluene,0,0,1,0,1,0,0,0,2,0,0,0,1,1,0,0
5598,C(=O)(O)C(=O)C1OC1CC(=O)C(=O)(OO),COXITYGVMSXDDI-UHFFFAOYSA-N,1.12844926e-06,11.89833368,-2290764.07423392,129.93805296000002,218.006267152,21,7,8,0,2,54.0,18.0,toluene,0,0,0,0,2,1,0,1,0,0,0,0,0,0,1,0
48475,C(=O)C(=O)C1OC1(=O),KRIHYVVQDASWGL-UHFFFAOYSA-N,562.8969999999999,20.80502368,-1193790.8110944,48.33658048,113.995308544,10,4,4,0,0,2.0,2.0,toluene,0,0,0,1,1,0,1,0,0,0,0,0,0,0,0,0
141440,CC(ON(=O)(=O))(C(OO))C(CC(=O)(OON(=O)(=O)))C(O)C(=O),BZQDKTMBFOSRFY-UHFFFAOYSA-N,1.95385051e-06,11.48461976,-3477707.11863264,132.50196632,328.039023824,34,8,12,2,2,422.0,40.0,apin,0,0,1,1,0,0,0,0,1,0,0,1,0,1,0,0
110555,CC(=O)C(C(=O)C(ON(=O)(=O)))CC(ON(=O)(=O))C(OO),LTRWEUVPCXABFL-UHFFFAOYSA-N,0.000121733553,14.858764720000002,-3082705.18179368,114.14023128,296.049194584,32,8,10,2,1,275.0,40.0,apin,0,0,0,0,2,0,0,0,2,0,0,0,0,1,0,0
136143,CC(O)(C)C(OO)(C(=O)(O))C(=O)C(O),SMBIJYUDFVFAQF-UHFFFAOYSA-N,5.15047592e-08,3.3203387200000005,-2102737.1101692803,125.10503088,208.058302724,26,7,7,0,4,488.0,4.0,apin,0,0,2,0,1,1,0,0,0,0,0,0,0,1,0,0
23742,C(=O)(O)CC(=O)C(=O)C(=O)C(=O)C(O),NRSDHHKECSQLIS-UHFFFAOYSA-N,2.99418981e-06,13.83414496,-2093398.9650014404,129.37082808000002,202.011352532,20,7,7,0,2,144.0,40.0,toluene,0,0,1,0,4,1,0,0,0,0,0,0,0,0,0,0
51998,C(=O)C1(ON(=O)(=O))OC1(OO)C(ON(=O)(=O))(C)C(=O)C(=O),RXYTWHVYMCMJKJ-UHFFFAOYSA-N,0.0154311070999999,11.672314000000002,-3368092.4450128,96.0177792,309.992073632,27,7,12,2,1,104.0,40.0,toluene,0,0,0,2,1,0,0,1,2,0,0,0,0,1,0,0
59428,C(O)C(ON(=O)(=O))C(C)(C(OO))C(ON(=O)(=O))(C(=O))C(=O)C,QEMCJEZAANMPGD-UHFFFAOYSA-N,4.81439239e-06,9.858926560000002,-3383508.20343576,130.57289128,326.059759268,36,9,11,2,2,455.0,40.0,apin,0,0,1,1,1,0,0,0,2,0,0,0,0,1,0,0
18425,C(=O)(O)C1(C(=O)(OON(=O)(=O)))OOC(C1(=O))C(=O)(OON(=O)(=O)),YBLAMMJTLQEDOD-UHFFFAOYSA-N,0.0436930935,16.0899904,-3854334.29476096,96.4842952,341.94551736399995,25,6,15,2,1,55.0,23.0,toluene,0,0,0,0,1,1,0,0,0,0,0,2,1,0,0,0
23496,C(=O)(O)C=CC(OO)(C(=O))OC(=O)C(=O)(OO),KLWLGKCUDLNHNV-UHFFFAOYSA-N,3.25961983e-08,11.02810352,-2685825.61382648,148.95512792,249.99609639200003,23,7,10,0,3,201.0,40.0,toluene,1,0,0,1,0,1,1,0,0,0,0,0,0,1,1,0
30151,C(=O)(OO)C(O)C(=O)C(N(=O)(=O))(OO)OC(=O)C(=O),ATZUSFYMJPKMRC-UHFFFAOYSA-N,3.84257748e-05,19.623754960000003,-3122904.36385208,119.19345728000002,282.98117460000003,24,6,12,1,3,320.0,37.0,toluene,0,0,1,1,1,0,1,0,0,1,0,0,0,1,1,0
74665,C(OO)C1(C(=O)(OON(=O)(=O)))OOC(O)(C1(O))C(=O),IKGSSBGVWTZJTD-UHFFFAOYSA-N,3.11495514e-06,12.13083856,-3125830.37718256,125.15331424,284.99682466400003,26,6,12,1,3,242.0,40.0,toluene,0,0,2,1,0,0,0,0,0,0,0,1,1,1,0,0
79291,C1(=O)C(O)C(=O)CC(=O)C1,FMHCCWXXNKWINM-UHFFFAOYSA-N,0.0698476596,14.71793128,-1400487.91693936,85.20837336,142.026608672,16,6,4,0,1,5.0,3.0,,0,0,1,0,3,0,0,0,0,0,0,0,0,0,0,0
109370,CC(=O)C(=O)OC(OO)C(N(=O)(=O))C(=O)C(=O)(OO),XGDMVCSIFWVXFE-UHFFFAOYSA-N,2.9074551600000003e-05,18.616708,-3028624.4300976004,121.32311328000002,281.001910044,26,7,11,1,2,208.0,40.0,toluene,0,0,0,0,2,0,1,0,0,1,0,0,0,1,1,0
95003,C1(ON(=O)(=O))C(=O)C(OO)C(=O)OOC1(C)C(=O)(OO),ZBYPHAHQRBNPBJ-UHFFFAOYSA-N,0.000317158149,16.42173976,-3225923.5818336,111.7558952,296.996824664,27,7,12,1,2,80.0,20.0,toluene,0,0,0,0,2,0,0,0,1,0,0,0,1,1,1,0
160229,CC1(C)OOC(=O)C(OO)C1(OO)C(ON(=O)(=O)),HQTGUDRAVHEEJE-UHFFFAOYSA-N,0.0309732455,11.563488160000002,-2837036.05058848,93.1153384,269.038295552,29,7,10,1,2,119.0,18.0,apin,0,0,0,0,1,0,0,0,1,0,0,0,1,2,0,0
89630,C1(O)(OO)C(N(=O)(=O))(C(=O))OOC1(C)C(=O)C(=O),BEUIJFLXSHIWSX-UHFFFAOYSA-N,1.60477718e-05,15.171769760000002,-2830879.05003368,128.53038800000002,265.006995424,25,7,10,1,2,83.0,16.0,toluene,0,0,1,2,1,0,0,0,0,1,0,0,1,1,0,0
143071,CC(ON(=O)(=O))(C)C(O)(C(ON(=O)(=O)))C(=O)(OO),JFJWFQSMUUHVHR-UHFFFAOYSA-N,0.4632699129999999,13.9649368,-2879362.30611472,83.59807728000001,270.03354452,28,6,10,2,2,101.0,4.0,apin,0,0,1,0,0,0,0,0,2,0,0,0,0,0,1,0
27414,C(=O)(OO)C(=O)C(OO)(C)OC(=O),AYOUOGMRMLPEAN-UHFFFAOYSA-N,0.00214471802,12.867766480000002,-2090409.2542876003,99.6291988,194.006267152,19,5,8,0,2,86.0,40.0,toluene,0,0,0,0,1,0,1,0,0,0,0,0,0,1,1,0
76896,C1(=O)C(=O)OOC1(C(ON(=O)(=O)))C(O)C(=O)(OON(=O)(=O)),KXIYNGGAZAKXSC-UHFFFAOYSA-N,0.122595689,15.68635992,-3462452.1288197604,89.64542168,311.971338188,25,6,13,2,1,91.0,40.0,toluene,0,0,1,0,2,0,0,0,1,0,0,1,1,0,0,0
13372,C(=O)(O)C(ON(=O)(=O))(C(OO))C(C(=O))OOC(=O),BTHUOXDPDBVVEL-UHFFFAOYSA-N,2.6668374e-06,14.07849056,-2928436.63332352,131.52588096000002,269.00191004400006,25,6,11,1,2,542.0,40.0,toluene,0,0,0,2,0,1,0,0,1,0,0,0,1,1,0,0
64622,C(ON(=O)(=O))C(=O)C1CC(C(OO))C1(ON(=O)(=O))C,PDTIYAQURLVAPM-UHFFFAOYSA-N,0.0003799498089999,9.6851232,-2885034.3738312004,106.10101,280.054279964,31,8,9,2,1,71.0,40.0,apin,0,0,0,0,1,0,0,0,2,0,0,0,0,1,0,0
96777,C1(ON(=O)(=O))OC1C(OO)C(O)(C(=O)(O))C(=O),BTWLWCXRHDULMV-UHFFFAOYSA-N,9.80145853e-07,10.64330104,-2730965.41755816,136.39739584,253.006995424,24,6,10,1,3,339.0,9.0,toluene,0,0,1,1,0,1,0,1,1,0,0,0,0,1,0,0
50305,C(=O)C(O)C1OC1(C(=O))C(=O),UJWIGASYUZZBBC-UHFFFAOYSA-N,0.0067135956599999,12.99370488,-1597908.66194952,89.48337536,158.021523292,17,6,5,0,1,29.0,16.0,toluene,0,0,1,3,0,0,0,1,0,0,0,0,0,0,0,0
35901,C(=O)(OO)C1OOC(O)(C1(O)C)C(OO)C(=O),ODXDRDCEYDAIOI-UHFFFAOYSA-N,2.71823152e-08,13.3938208,-2691911.68968184,137.73845151999998,254.02739652,27,7,10,0,4,164.0,5.0,toluene,0,0,2,1,0,0,0,0,0,0,0,0,1,1,1,0
104468,C2(O)(OO)C(=O)C=CC1OC12C(=O)(O),YGZOYEPYMCYMSJ-UHFFFAOYSA-N,3.43247799e-05,9.3200692,-2093135.33086856,115.3470224,202.011352532,20,7,7,0,3,33.0,11.0,toluene,1,1,1,0,1,1,0,1,0,0,0,0,0,1,0,0
32488,C(=O)(OO)C(ON(=O)(=O))C(OO)(C1(O))OOC1C(=O),HJMVDGQGHQXEGP-UHFFFAOYSA-N,6.16993164e-05,14.966921120000002,-3125791.37577552,119.47135856,284.996824664,26,6,12,1,3,199.0,11.0,toluene,0,0,1,1,0,0,0,0,1,0,0,0,1,1,1,0
28787,C(=O)(OO)C(C(=O))C(=O)C(ON(=O)(=O))OC(=O),RCRCLLYIAABXSI-UHFFFAOYSA-N,0.1675890259999999,16.333582879999998,-2727883.2590631205,83.8810412,250.99134536,22,6,10,1,1,106.0,40.0,toluene,0,0,0,1,1,0,1,0,1,0,0,0,0,0,1,0
86406,C1(O)(O)C(=O)OOC1(C(ON(=O)(=O)))C(=O)C(=O)(O),JMKNDPGNIYOMBL-UHFFFAOYSA-N,0.000164102954,12.45375968,-2925541.72912088,111.22854384,266.98625998,23,6,11,1,3,121.0,36.0,toluene,0,0,2,0,2,1,0,0,1,0,0,0,1,0,0,0
97439,C1(OO)OC1(C(OO))C(=O)C(=O)C(=O)C(=O),NEDRYYJWJBRUID-UHFFFAOYSA-N,0.000963733918,14.6416988,-2487943.0040436,102.6807992,234.001181772,22,7,9,0,2,203.0,40.0,toluene,0,0,0,1,3,0,0,1,0,0,0,0,0,2,0,0
146269,CC(ON(=O)(=O))CC(=O)C(=O)C(OO)CC(=O)CC,PWDMGPKDUMCLBF-UHFFFAOYSA-N,0.00371142998,12.00025592,-2748898.34962608,96.15308976,277.07976644,34,10,8,1,1,183.0,40.0,decane,0,0,0,0,3,0,0,0,1,0,0,0,0,1,0,0
118943,CC(=O)C(ON(=O)(=O))CC(C(OO)(C)C)C(O)C(=O),GOHRZAJGPKEBCF-UHFFFAOYSA-N,8.757069220000001e-07,9.11961376,-2752051.42620984,124.92783848,279.095416504,36,10,8,1,2,412.0,40.0,apin,0,0,1,1,1,0,0,0,1,0,0,0,0,1,0,0
117813,CC(=O)C(ON(=O)(=O))C(ON(=O)(=O))C(C(OO))C(=O)C,ZQPNUGBZMMRQLU-UHFFFAOYSA-N,0.0122860625,14.329572400000002,-3082699.06039248,99.05816648,296.049194584,32,8,10,2,1,180.0,40.0,apin,0,0,0,0,2,0,0,0,2,0,0,0,0,1,0,0
2939,C(=O)(O)C(=O)C(=O)C(O)(C(=O))C(=O)OC(=O),VYJOHPLUDDOAJH-UHFFFAOYSA-N,0.0239631501999999,20.07068984,-2485443.9897536,97.77271616,231.985531708,20,7,9,0,2,102.0,3.0,toluene,0,0,1,1,2,1,2,0,0,0,0,0,0,0,0,0
13226,C(=O)(O)C(ON(=O)(=O))(C(=O))C(OO)C(=O),MBNWYYHAXYUCMO-UHFFFAOYSA-N,0.00100930355,11.9101744,-2430137.73006456,102.78569208000002,222.99643074,20,5,9,1,2,224.0,40.0,toluene,0,0,0,2,0,1,0,0,1,0,0,0,0,1,0,0
26791,C(=O)(OO)C(=O)C(O)(C)C(=O)(OON(=O)(=O)),VIDXAIZKGKERFD-UHFFFAOYSA-N,0.152471233,14.98733904,-2627607.51343752,83.59611079999999,238.99134536,21,5,10,1,2,47.0,17.0,toluene,0,0,1,0,1,0,0,0,0,0,0,1,0,0,1,0
136427,CC(O)C(=O)CC(=O)C(=O)CC(ON(=O)(=O))CC,LEFHIXGGLIXIDF-UHFFFAOYSA-N,0.00148622991,9.71123136,-2551519.79515144,104.78150192,261.08485182000004,33,10,7,1,1,130.0,40.0,decane,0,0,1,0,3,0,0,0,1,0,0,0,0,0,0,0
6333,C(=O)(O)C(=O)OC(=O)C=C(C(=O)(OO))C(=O),ZLMVDUHKNNZKOR-UHFFFAOYSA-N,1.29876219e-05,12.68517672,-2485289.66592608,121.07023232,231.985531708,20,7,9,0,2,46.0,12.0,toluene,1,0,0,1,0,1,2,0,0,0,0,0,0,0,1,0
22592,C(=O)(O)C1OOC(O)(C(=O))C1(O)C,LUIXYOHGYNHVLV-UHFFFAOYSA-N,6.73885817e-07,8.800918480000002,-1996301.7794484,132.8637568,192.027002596,21,6,7,0,3,43.0,3.0,toluene,0,0,2,1,0,1,0,0,0,0,0,0,1,0,0,0
144187,CC(ON(=O)(=O))(C)C(OO)CC(=O)C(O)(C)C(=O)(OON(=O)(=O)),GUYFBYNFXCPXGT-UHFFFAOYSA-N,0.000403819894,8.607450320000002,-3581014.4146792,114.2606468,342.054673888,37,9,12,2,2,466.0,40.0,apin,0,0,1,0,1,0,0,0,1,0,0,1,0,1,0,0
93153,C1(O)C(ON(=O)(=O))OOC1C(ON(=O)(=O))(OO)C(=O)C,RYENOSMYCXFJDJ-UHFFFAOYSA-N,0.000691445433,8.55740968,-3271137.3324516,110.96043312,300.007723696,28,6,12,2,2,203.0,40.0,toluene,0,0,1,0,1,0,0,0,2,0,0,0,1,1,0,0
84126,C1(=O)OC1C(O)(C(ON(=O)(=O)))C(=O)C(=O)(OO),CPWJBQFFKDETMS-UHFFFAOYSA-N,0.00115652258,16.487846960000002,-2727774.3245228003,100.99690656,250.99134536000005,22,6,10,1,2,124.0,37.0,toluene,0,0,1,0,1,0,1,0,1,0,0,0,0,0,1,0
87071,C1(O)(O)C(C(=O)(O))OOC1C(=O)C(=O)(OON(=O)(=O)),OVDNKKNJOPWLEE-UHFFFAOYSA-N,7.196598990000001e-07,12.84517288,-3122940.56921744,135.28202512,282.98117460000003,24,6,12,1,3,156.0,12.0,toluene,0,0,2,0,1,1,0,0,0,0,0,1,1,0,0,0
98689,C1(OO)OC1C(ON(=O)(=O))(C(OO))C(O)C(=O)(OO),LPCQDKKSABUQIN-UHFFFAOYSA-N,2.83951628e-06,13.31834144,-3128882.87182888,134.61463528000002,287.012474728,28,6,12,1,4,443.0,23.0,toluene,0,0,1,0,0,0,0,1,1,0,0,0,0,2,1,0
4020,C(=O)(O)C(=O)C(O)(O)C(=O)OC(=O)C(=O),OJYWYVSRHIJNJY-UHFFFAOYSA-N,1.80367425e-06,20.608292,-2385385.16210176,128.24470448000002,219.985531708,19,6,9,0,3,80.0,2.0,toluene,0,0,2,1,1,1,2,0,0,0,0,0,0,0,0,0
8248,C(=O)(O)C(C(ON(=O)(=O)))OOC(OO)C(=O),DREDIPCFYSCYPR-UHFFFAOYSA-N,0.000733517628,15.608914079999998,-2630724.58247544,108.57245696,241.006995424,23,5,10,1,2,460.0,40.0,toluene,0,0,0,1,0,1,0,0,1,0,0,0,1,1,0,0
75568,C(OO)C1OOC(O)(C1(O)(N(=O)(=O)))C(=O)(OO),WSHGMDYWGIKSSW-UHFFFAOYSA-N,5.99343953e-05,14.19375976,-2828208.17329944,117.83842704,257.001910044,24,5,11,1,4,197.0,40.0,toluene,0,0,2,0,0,0,0,0,0,1,0,0,1,1,1,0
100462,C12OOC(C1(O)(O))C(ON(=O)(=O))C(O)(C2(=O))C(=O)(O),KXXLBMUUTLLCPO-UHFFFAOYSA-N,5.32668273e-07,9.997249600000002,-3028811.57882768,135.53892272,281.001910044,26,7,11,1,4,29.0,10.0,toluene,0,0,3,0,1,1,0,0,1,0,0,0,1,0,0,0
4062,C(=O)(O)C(=O)C(O)(O)C(ON(=O)(=O))(C)C(=O)(OO),AHPDOBDNNRMCLA-UHFFFAOYSA-N,7.13271335e-05,15.61786784,-2928735.29264088,118.50159104,269.001910044,25,6,11,1,4,335.0,26.0,toluene,0,0,2,0,1,1,0,0,1,0,0,0,0,0,1,0
28090,C(=O)(OO)C(=O)OC(=O)C(O)C(OO)(C)C(=O),LQDXIBCUMJUMFQ-UHFFFAOYSA-N,3.1910715600000004e-06,9.8671272,-2688988.63644768,130.73497944,252.011746456,25,7,10,0,3,242.0,40.0,toluene,0,0,1,1,0,0,2,0,0,0,0,0,0,1,1,0
106182,CC(=O)C(=O)C(C)(C)C(ON(=O)(=O))(C(ON(=O)(=O)))CC(=O)(O),AJJCERVMSGGQQI-UHFFFAOYSA-N,0.0001911230779999,11.80063728,-3286325.01559536,113.8589828,322.064844648,36,10,10,2,1,354.0,40.0,apin,0,0,0,0,2,1,0,0,2,0,0,0,0,0,0,0
161379,CCCCCCCC(ON(=O)(=O))C(OO),HIBPWRXBEMLPIH-UHFFFAOYSA-N,0.1774590389999999,-1.02315536,-2062314.1809286403,85.28920824000001,221.126322708,34,9,5,1,1,59.0,40.0,decane,0,0,0,0,0,0,0,0,1,0,0,0,0,1,0,0
126809,CC(=O)CC(O)CC(ON(=O)(=O))C(ON(=O)(=O))C(=O)C(=O)C,NWCRTCHXTUQHEB-UHFFFAOYSA-N,4.457734589999999e-05,12.36259032,-3286288.1185311205,122.35831856,322.064844648,36,10,10,2,1,307.0,40.0,decane,0,0,1,0,3,0,0,0,2,0,0,0,0,0,0,0
98334,C1(OO)OC1C(C(=O)(O))=CC(=O)(OO),BSUIFSRKWLJTRG-UHFFFAOYSA-N,0.000377966001,14.284176,-2190456.6784056,111.50217744,206.006267152,20,6,8,0,3,49.0,20.0,toluene,1,0,0,0,0,1,0,1,0,0,0,0,0,1,1,0
80855,C1(=O)C(OO)(C)C(=O)C(=O)OOC1C(=O)(OON(=O)(=O)),UPQYBOBSBSBLEZ-UHFFFAOYSA-N,0.372526117,14.656468320000002,-3222724.01121928,81.8844364,294.98117460000003,25,7,12,1,1,51.0,27.0,toluene,0,0,0,0,3,0,0,0,0,0,0,1,1,1,0,0
2965,C(=O)(O)C(=O)C(=O)C(O)(C)C(O)(ON(=O)(=O))C(=O)(OO),LAZRERLMTYMMBZ-UHFFFAOYSA-N,2.1553825900000003e-06,12.7699864,-3226397.7719590403,133.20989912000002,296.996824664,27,7,12,1,4,462.0,9.0,toluene,0,0,2,0,2,1,0,0,1,0,0,0,0,0,1,0
11108,C(=O)(O)C(O)C(=O)C1(C(OO))OC1C(=O),SNVJJHSNBIJTKK-UHFFFAOYSA-N,9.33852408e-07,9.33768384,-2293888.54321976,133.1742096,220.021917216,23,7,8,0,3,269.0,26.0,toluene,0,0,1,1,1,1,0,1,0,0,0,0,0,1,0,0
141440,CC(ON(=O)(=O))(C(OO))C(CC(=O)(OON(=O)(=O)))C(O)C(=O),BZQDKTMBFOSRFY-UHFFFAOYSA-N,1.95385051e-06,11.48461976,-3477707.11863264,132.50196632,328.039023824,34,8,12,2,2,422.0,40.0,apin,0,0,1,1,0,0,0,0,1,0,0,1,0,1,0,0
92909,C1(O)C(ON(=O)(=O))OOC1(C(=O)(OON(=O)(=O)))C(O)C(=O),LDOYYZRTKHVPFE-UHFFFAOYSA-N,6.13125106e-05,10.51363888,-3465589.8544330406,123.54109352,313.986988252,27,6,13,2,2,138.0,19.0,toluene,0,0,2,1,0,0,0,0,1,0,0,1,1,0,0,0
125313,CC(=O)C=C(OO)C(N(=O)(=O))(OO)OC(=O)C(=O),NCNNVYNCBBWONW-UHFFFAOYSA-N,0.00432999835,11.01735064,-2830894.749364,98.33366504,265.006995424,25,7,10,1,2,225.0,40.0,toluene,1,0,0,1,1,0,1,0,0,1,0,0,0,2,0,0
112529,CC(=O)C(C)C(OO)C(OO)C(ON(=O)(=O)),JZTKNQKKNKJYTL-UHFFFAOYSA-N,0.000433575563,7.102507360000001,-2445209.05294664,110.1216248,239.064116376,29,7,8,1,2,300.0,40.0,apin,0,0,0,0,1,0,0,0,1,0,0,0,0,2,0,0
36712,C(=O)(OO)CC(=O)CCC(=O)CCC(=O)(OON(=O)(=O)),IIECWVTZXOQWJU-UHFFFAOYSA-N,0.000120425512,14.29384104,-3037602.8452799204,116.36285576000002,293.038295552,31,9,10,1,1,156.0,40.0,decane,0,0,0,0,2,0,0,0,0,0,0,1,0,0,1,0
39446,C(=O)(OON(=O)(=O))C(O)(C(=O)(OON(=O)(=O)))C(OO)C1OC1(O)C(=O),CPOZREVQKLJPGT-UHFFFAOYSA-N,4.01135964e-06,15.10315216,-4158235.7639632,135.65260200000003,373.9717321119999,31,7,16,2,3,466.0,8.0,toluene,0,0,2,1,0,0,0,1,0,0,0,2,0,1,0,0
71204,C(OO)C(=O)C(ON(=O)(=O))CC(C(OO)(C)C)CC(=O),ZUPNHRMJNKAZSL-UHFFFAOYSA-N,2.2563454800000002e-07,11.425458,-2949423.6891618404,138.49763832,295.090331124,37,10,9,1,2,503.0,40.0,apin,0,0,0,1,1,0,0,0,1,0,0,0,0,2,0,0
80097,C1(=O)C(ON(=O)(=O))C(ON(=O)(=O))C(OO)OC(=O)C1(O)(O),SNBOMILVHUJTBW-UHFFFAOYSA-N,9.22598018e-07,14.6923252,-3465801.60186144,136.89131704000002,313.98698825199995,27,6,13,2,3,94.0,8.0,toluene,0,0,2,0,1,0,1,0,2,0,0,0,0,1,0,0
68165,C(ON(=O)(=O))C1(O)C(ON(=O)(=O))(C(=O))OOC1C(=O)C(=O),OXDBOFOATMUJGY-UHFFFAOYSA-N,0.0102725616,11.869464080000002,-3368177.083358,98.36889432,309.992073632,27,7,12,2,1,121.0,39.0,toluene,0,0,1,2,1,0,0,0,2,0,0,0,1,0,0,0
22202,C(=O)(O)C1OC1C(ON(=O)(=O))C(ON(=O)(=O))(C(=O)(O))C(=O),BMEKYIOAWHRSQH-UHFFFAOYSA-N,7.46411134e-06,10.3894996,-3368513.6336906403,129.4734616,309.9920736319999,27,7,12,2,2,262.0,40.0,toluene,0,0,0,1,0,2,0,1,2,0,0,0,0,0,0,0
162027,CCCCC(O)CCC(=O)C(OO),LYDPKADDCCZWEG-UHFFFAOYSA-N,0.000494985275,-1.4451536,-1719580.92442296,110.22513696,190.120509056,31,9,4,0,2,230.0,40.0,decane,0,0,1,0,1,0,0,0,0,0,0,0,0,1,0,0
41087,C(=O)(OON(=O)(=O))C(O)C(OO)(C)C(O)C(=O)C(=O),UCBOLPMNLWQHJS-UHFFFAOYSA-N,0.0001696517429999,9.97335896,-3031681.1768594403,118.92158096000004,283.017560108,28,7,11,1,3,507.0,40.0,toluene,0,0,2,1,1,0,0,0,0,0,0,1,0,1,0,0
95467,C1(ON(=O)(=O))C=CC(=O)OOC1(C(=O)(O))C(=O)(O),QTOVBNNVIDRLAO-UHFFFAOYSA-N,7.54224815e-06,8.74146384,-2828056.95090376,124.12748112,262.99134536,23,7,10,1,2,68.0,21.0,toluene,1,1,0,0,1,2,0,0,1,0,0,0,1,0,0,0
127540,CC(=O)CC(ON(=O)(=O))CC(OO)C,JSYLHHUCBKCIQB-UHFFFAOYSA-N,0.0330539863,9.72621008,-2050245.31966776,88.89740616,207.074287136,27,7,6,1,1,63.0,40.0,decane,0,0,0,0,1,0,0,0,1,0,0,0,0,1,0,0
5166,C(=O)(O)C(=O)C(OO)C(C(=O))OOC(=O)C(=O),NYVQQWXUOQDGHP-UHFFFAOYSA-N,2.82847847e-06,19.14790864,-2685743.66495648,126.96737112,249.996096392,23,7,10,0,2,467.0,40.0,toluene,0,0,0,2,2,1,0,0,0,0,0,0,1,1,0,0
69277,C(ON(=O)(=O))CCC(=O)CCC(O)CC(OO)C(ON(=O)(=O)),ZPAVGQYRJKHPRA-UHFFFAOYSA-N,1.5998940700000002e-08,1.4011797600000002,-3292438.50506056,156.78728304,326.096144776,40,10,10,2,2,837.0,40.0,decane,0,0,1,0,1,0,0,0,2,0,0,0,0,1,0,0
146735,CC(ON(=O)(=O))CC(C(=O)(OON(=O)(=O)))C(=O)C,LXWUWGBYHDSJIS-UHFFFAOYSA-N,2.446,12.512754080000002,-2781911.25871984,74.69866744000001,266.03862990000005,28,7,9,2,0,21.0,21.0,apin,0,0,0,0,1,0,0,0,1,0,0,1,0,0,0,0
17513,C(=O)(O)C(OO)C(ON(=O)(=O))C1OC1(C(=O)(N(=O)(=O)))C(=O)(OO),LHPTYKLSICYVTO-UHFFFAOYSA-N,6.42683888e-07,16.16793832,-3763336.86745456,136.46521848000003,341.9819028719999,29,7,14,2,3,389.0,40.0,toluene,0,0,0,0,0,1,0,1,1,1,0,0,0,1,1,0
23357,C(=O)(O)C=C(OO)C1OC1(O)C(=O),PONZCNZIOIAGCQ-UHFFFAOYSA-N,4.71710952e-08,7.058366160000001,-1993013.2726004,142.02198888,190.011352532,19,6,7,0,3,57.0,5.0,toluene,1,0,1,1,0,1,0,1,0,0,0,0,0,1,0,0
20866,C(=O)(O)C1(OO)OC1C(ON(=O)(=O))C(=O)C(=O)(OON(=O)(=O)),DMLMZYRRJMDABL-UHFFFAOYSA-N,0.00129862109,15.82543608,-3659992.5990736,110.0023808,327.9662528079999,26,6,14,2,2,145.0,40.0,toluene,0,0,0,0,1,1,0,1,1,0,0,1,0,1,0,0
25089,C(=O)(O)CC1(N(=O)(=O))OC1(O)C(=O)C(=O)(OON(=O)(=O)),BZBMUMUVCVYXFV-UHFFFAOYSA-N,0.000398999816,10.501505280000002,-3265129.6051342404,111.56903776,295.976423568,24,6,12,2,2,145.0,40.0,toluene,0,0,1,0,1,1,0,1,0,1,0,1,0,0,0,0
47260,C(=O)C(=O)C(N(=O)(=O))(C1(O))OOC1C(=O)C(=O),MKTKIWAIZPIJIJ-UHFFFAOYSA-N,0.0001101103899999,15.92225384,-2630298.62642248,117.52734664,246.99643074,22,7,9,1,1,42.0,25.0,toluene,0,0,1,2,2,0,0,0,0,1,0,0,1,0,0,0
147479,CC(ON(=O)(=O))CCC(O)CC(OO)CCC,NTNZWNWQVGUFNB-UHFFFAOYSA-N,0.000117714731,-2.43994144,-2363217.7937966404,120.25832712,251.136887392,38,10,6,1,2,254.0,40.0,decane,0,0,1,0,0,0,0,0,1,0,0,0,0,1,0,0
5260,C(=O)(O)C(=O)C(OO)C1(C)OC1C(=O),LAARXXQCKGSDFP-UHFFFAOYSA-N,6.601575529999999e-05,12.77220392,-2096270.11044376,113.35238408,204.027002596,22,7,7,0,2,61.0,18.0,toluene,0,0,0,1,1,1,0,1,0,0,0,0,0,1,0,0
3579,C(=O)(O)C(=O)C(C(ON(=O)(=O)))OOC(=O)C(=O),XRTSDWNYNJKIQV-UHFFFAOYSA-N,0.000749291385,17.316990240000003,-2727865.37585216,107.9662372,250.99134536,22,6,10,1,1,123.0,40.0,toluene,0,0,0,1,2,1,0,0,1,0,0,0,1,0,0,0
9466,C(=O)(O)C(O)(C(=O)(O))C(C(=O)(OON(=O)(=O)))OOC(=O),ZRSQCNSIUHBPEU-UHFFFAOYSA-N,7.935425559999999e-07,14.188948160000002,-3320642.7460504803,136.56479768,298.97608922,25,6,13,1,3,549.0,14.0,toluene,0,0,1,1,0,2,0,0,0,0,0,1,1,0,0,0
131769,CC(C(=O))C(C)(C(=O)(OO))C(OO)C(=O),NSYJRBAVLNEVAQ-UHFFFAOYSA-N,0.0015746511699999,9.747130080000002,-2202564.77592144,108.07234344,220.058302724,27,8,7,0,2,132.0,13.0,apin,0,0,0,2,0,0,0,0,0,0,0,0,0,1,1,0
36216,C(=O)(OO)C=C(OO)C1(C(OO))OC1C(=O)(OON(=O)(=O)),XEAAVYGMZNNTNG-UHFFFAOYSA-N,4.43640469e-05,10.63012144,-3423213.67140216,124.34822896,312.991739284,28,7,13,1,3,311.0,7.0,toluene,1,0,0,0,0,0,0,1,0,0,0,1,0,2,1,0
161456,CCCCCCC(=O)CC(OO)C(O),AYZXZMYFPZFTDK-UHFFFAOYSA-N,0.00103868576,-3.16004968,-1822855.2387506403,109.79849448,204.13615912,34,10,4,0,2,268.0,40.0,decane,0,0,1,0,1,0,0,0,0,0,0,0,0,1,0,0
47176,C(=O)C(=O)C(=O)OOC(=O)C(=O),RYDUQRJJSVVJQN-UHFFFAOYSA-N,106.28799999999998,22.82049832,-1886545.03706256,57.813089440000006,173.98005240400002,14,5,7,0,0,2.0,2.0,toluene,0,0,0,2,3,0,0,0,0,0,0,0,1,0,0,0
38995,C(=O)(OON(=O)(=O))C(=O)OOC(ON(=O)(=O))(C(=O))C(O)C(=O),XBYJOIYPQQIHFH-UHFFFAOYSA-N,0.000389237419,21.91541544,-3660272.42867552,103.16099688,327.9662528079999,26,6,14,2,1,125.0,25.0,toluene,0,0,1,2,1,0,0,0,1,0,0,1,1,0,0,0
96549,C1(ON(=O)(=O))OC1C(O)C(OO)(C(=O)(OO))C(=O)(OO),BPYGIUOXDFETNG-UHFFFAOYSA-N,7.078317649999999e-09,12.34920152,-3323371.7861168003,151.12444824,300.991739284,27,6,13,1,4,398.0,4.0,toluene,0,0,1,0,0,0,0,1,1,0,0,0,0,1,2,0
140147,CC(ON(=O)(=O))(C(=O))C(C)(C(=O))C(=O),IWLADDMXUACWEQ-UHFFFAOYSA-N,0.6906479659999999,11.70030496,-2044013.45718584,71.95877504,203.042987008,23,7,6,1,0,10.0,10.0,apin,0,0,0,3,0,0,0,0,1,0,0,0,0,0,0,0
43739,C(=O)(OON(=O)(=O))C1(C(=O)(OON(=O)(=O)))OC1(O)C(O)C(=O),UYNMCYOPFRIRDP-UHFFFAOYSA-N,0.275899686,19.775927040000003,-3659997.932292881,88.29545408,327.966252808,26,6,14,2,2,108.0,40.0,toluene,0,0,2,1,0,0,0,1,0,0,0,2,0,0,0,0
17466,C(=O)(O)C(OO)C(ON(=O)(=O))C(O)(O)C(=O)C(=O),QNZOSYBDZYKSLJ-UHFFFAOYSA-N,3.9921114e-09,10.992581360000004,-2928648.0375802405,158.89288104,269.00191004400006,25,6,11,1,4,822.0,6.0,toluene,0,0,2,1,1,1,0,0,1,0,0,0,0,1,0,0
59834,C(O)C(OO)(C(=O)(N(=O)(=O)))OC(=O)C=CC(=O)(O),BWPMOJDTCPBFOL-UHFFFAOYSA-N,6.14147428e-07,14.451075760000002,-2831233.93708104,134.58982416,265.006995424,25,7,10,1,3,858.0,40.0,toluene,1,0,1,0,0,1,1,0,0,1,0,0,0,1,0,0
69044,C(ON(=O)(=O))CC(=O)CCCC(=O)(OON(=O)(=O)),LQFLLDUWZPNBBJ-UHFFFAOYSA-N,0.0490944901,10.23013104,-2781913.79070928,90.01792320000001,266.03862990000005,28,7,9,2,0,21.0,21.0,decane,0,0,0,0,1,0,0,0,1,0,0,1,0,0,0,0
45019,C(=O)(OON(=O)(=O))C1OC1(C(=O)(OO))C(OO)C(O)C(=O),GRDCEWUHRHARGH-UHFFFAOYSA-N,0.000141016087,10.9953428,-3423450.7460469604,121.3330712,312.99173928399995,28,7,13,1,3,378.0,40.0,toluene,0,0,1,1,0,0,0,1,0,0,0,1,0,1,1,0
140595,CC(ON(=O)(=O))(C(O))C(C(=O)C(O))CC(=O)C(=O),QPCPBSGVUGIKQE-UHFFFAOYSA-N,5.1743096100000005e-06,9.984488400000002,-2645793.3573852,128.17395304,263.064116376,31,9,8,1,2,452.0,40.0,apin,0,0,2,1,2,0,0,0,1,0,0,0,0,0,0,0
42575,C(=O)(OON(=O)(=O))C(OO)(C(=O))C(=O)C(O)C(=O),NIOBHDLYXVVOEC-UHFFFAOYSA-N,0.0089360817999999,18.41549944,-2925182.08545128,94.3621704,266.98625998,23,6,11,1,2,226.0,10.0,toluene,0,0,1,2,1,0,0,0,0,0,0,1,0,1,0,0
69486,C(ON(=O)(=O))CCCCC(=O)(OON(=O)(=O)),QNGDNIMKWVOEOA-UHFFFAOYSA-N,1.314,8.062944560000002,-2484201.7294012,76.25938312000001,238.04371528,26,6,8,2,0,9.0,9.0,decane,0,0,0,0,0,0,0,0,1,0,0,1,0,0,0,0
46077,C(=O)(OON(=O)(=O))C=CC1OC1(OO)C(=O)C(=O),NQQVNLMECGUSPJ-UHFFFAOYSA-N,0.19607111,13.9438076,-2827583.58339456,85.95839720000001,262.99134536,23,7,10,1,1,49.0,31.0,toluene,1,0,0,1,1,0,0,1,0,0,0,1,0,1,0,0
507,C(=O)(N(=O)(=O))C(=O)OC(O)C=C(C(OO))C(=O)(OON(=O)(=O)),YVVYGFHJHBLOOP-UHFFFAOYSA-N,0.000222338052,13.527876160000002,-3565764.57875936,115.48764664,325.98698825199995,28,7,13,2,2,283.0,40.0,toluene,1,0,1,0,0,0,0,0,0,1,0,1,0,1,0,1
116688,CC(=O)C(ON(=O)(=O))C(=O)CCC(=O)CC(OO)C,ZLSCWSLFZWCCQZ-UHFFFAOYSA-N,0.000859725083,11.00756008,-2748917.88723248,109.14855192,277.07976644,34,10,8,1,1,334.0,40.0,decane,0,0,0,0,3,0,0,0,1,0,0,0,0,1,0,0
6540,C(=O)(O)C(=O)OC(OO)(C(O))C(ON(=O)(=O))C(=O),FQMADUILXHVVHP-UHFFFAOYSA-N,4.18667332e-06,9.96306632,-2928684.27901168,131.32701544,269.001910044,25,6,11,1,3,677.0,40.0,toluene,0,0,1,1,0,1,1,0,1,0,0,0,0,1,0,0
85284,C1(N(=O)(=O))C(=O)C(OO)C(=O)OOC1(ON(=O)(=O))C(=O)(O),FGZIJZFJIJHLAN-UHFFFAOYSA-N,6.60309635e-05,15.44569624,-3462518.40266848,117.99227272,311.97133818799995,25,6,13,2,2,128.0,36.0,toluene,0,0,0,0,2,1,0,0,1,1,0,0,1,1,0,0
122466,CC(=O)C(OO)CC(ON(=O)(=O))C(=O)CC(ON(=O)(=O)),QTRRBIBCQSSLSM-UHFFFAOYSA-N,5.135476979999999e-05,12.88864464,-3082710.27744544,118.31774608,296.049194584,32,8,10,2,1,302.0,40.0,decane,0,0,0,0,2,0,0,0,2,0,0,0,0,1,0,0
56697,C(O)C(=O)C1CC(ON(=O)(=O))(C(OO))C1(C)C,SDNTWOXCIFFBKG-UHFFFAOYSA-N,1.97168243e-05,3.62259088,-2451130.17058536,122.9240372,249.08485182,32,9,7,1,2,62.0,33.0,apin,0,0,1,0,1,0,0,0,1,0,0,0,0,1,0,0
8485,C(=O)(O)C(N(=O)(=O))(C(=O))OOC(ON(=O)(=O))(C)C(=O)C(=O),GZSLUCKPQZLKLW-UHFFFAOYSA-N,0.00653789818,19.1185788,-3368298.58236664,98.84829704,309.992073632,27,7,12,2,1,166.0,11.0,toluene,0,0,0,2,1,1,0,0,1,1,0,0,1,0,0,0
105991,CC(=O)C(=O)C(C)(C(ON(=O)(=O)))C(OO)(C(=O))CC(=O),UKGKJNFSHJVMPQ-UHFFFAOYSA-N,8.784357390000001e-05,8.91509984,-2943244.3212359203,116.91451616000002,291.059030996,33,10,9,1,1,301.0,40.0,apin,0,0,0,2,2,0,0,0,1,0,0,0,0,1,0,0
129135,CC(=O)CCCC(=O)C(ON(=O)(=O))C(=O),OEZAUPUCMNQJBG-UHFFFAOYSA-N,0.102873602,13.5647372,-2147349.91629816,81.75732648000002,217.058637072,26,8,6,1,0,63.0,40.0,decane,0,0,0,1,2,0,0,0,1,0,0,0,0,0,0,0
155492,CC(OO)CCC(=O)CC(=O)CCC(ON(=O)(=O)),LBATUUGBNHVLAN-UHFFFAOYSA-N,0.000132351707,6.618627760000001,-2554489.92692096,115.36986704,263.10050188400004,35,10,7,1,1,153.0,40.0,decane,0,0,0,0,2,0,0,0,1,0,0,0,0,1,0,0
5421,C(=O)(O)C(=O)C1(O)OC1C(ON(=O)(=O))C(O)C(=O),ROXOTPAWSMGMKI-UHFFFAOYSA-N,3.43813144e-08,15.132021760000002,-2831269.79337528,136.84989544,265.006995424,25,7,10,1,3,258.0,6.0,toluene,0,0,2,1,1,1,0,1,1,0,0,0,0,0,0,0
19702,C(=O)(O)C1(O)OC1(N(=O)(=O))C(OO)(C)C(=O),ZMEJLKPLEGCFAK-UHFFFAOYSA-N,5.24125145e-08,12.44639584,-2533455.38163664,133.49390904,237.012080804,23,6,9,1,3,110.0,19.0,toluene,0,0,1,1,0,1,0,1,0,1,0,0,0,1,0,0
2420,C(=O)(N(=O)(=O))C1OC1(O)C=C(OO)C(=O)(O),WDPKNHRKJJORSA-UHFFFAOYSA-N,6.52020315e-06,13.967530879999998,-2530266.45105984,124.3497352,234.99643074,21,6,9,1,3,89.0,21.0,toluene,1,0,1,0,0,1,0,1,0,1,0,0,0,1,0,0
81461,C1(=O)C(OO)OOC1(O)C(=O)C(=O)C(=O),LGXLRSGUKPYMFY-UHFFFAOYSA-N,0.0958461763,19.37112504,-2384758.8584723203,85.62238016,219.985531708,19,6,9,0,2,20.0,6.0,toluene,0,0,1,1,3,0,0,0,0,0,0,0,1,1,0,0
128147,CC(=O)CCC(=O)C(O)C(OO)CC(=O)C,RHCLYGNYBOMBNO-UHFFFAOYSA-N,5.007064430000001e-06,9.13501088,-2211754.47034256,128.11788744,232.094688232,32,10,6,0,2,385.0,40.0,decane,0,0,1,0,3,0,0,0,0,0,0,0,0,1,0,0
20128,C(=O)(O)C1(O)OOCC1(O)C(ON(=O)(=O)),LEDCFRGOHYMEOV-UHFFFAOYSA-N,5.80880839e-05,12.13916472,-2433398.75510352,119.00547016000002,225.012080804,22,5,9,1,3,99.0,27.0,toluene,0,0,2,0,0,1,0,0,1,0,0,0,1,0,0,0
112429,CC(=O)C(C)(C)C(OO)(C(O))C(=O)(OON(=O)(=O)),IQZGMDJNUPANJJ-UHFFFAOYSA-N,0.0337095997,9.43776512,-2742947.99252176,99.77455096,267.05903099600005,31,8,9,1,2,273.0,25.0,apin,0,0,1,0,1,0,0,0,0,0,0,1,0,1,0,0
70666,C(OO)C(=O)C(O)C(C(=O)(OO))OOC(=O),XWQVBXLHHBITBY-UHFFFAOYSA-N,4.07922003e-05,12.95412424,-2588664.40575144,119.38391296000002,240.011746456,24,6,10,0,3,466.0,26.0,toluene,0,0,1,1,1,0,0,0,0,0,0,0,1,1,1,0
137772,CC(O)CCC(=O)CC(OO)CCC(=O)(OON(=O)(=O)),UBNVBXBGWCIDRY-UHFFFAOYSA-N,2.45923034e-06,0.66458656,-2949545.2434411203,137.78489392,295.090331124,37,10,9,1,2,469.0,40.0,decane,0,0,1,0,1,0,0,0,0,0,0,1,0,1,0,0
109692,CC(=O)C(=O)OOC(C)(C)C(OO)CC(=O)(OON(=O)(=O)),JDWSOOWTSDIHQQ-UHFFFAOYSA-N,0.0155499958,14.36019928,-3238091.7397908,101.37179296,311.048860236,34,9,11,1,1,200.0,40.0,apin,0,0,0,0,2,0,0,0,0,0,0,1,1,1,0,0
116191,CC(=O)C(ON(=O)(=O))(C1(O)(N(=O)(=O)))OOC1(O)C(=O)C(=O),FZQZYZBBEIBAGL-UHFFFAOYSA-N,1.29245579e-05,13.62732984,-3368269.85075496,122.78546312,309.992073632,27,7,12,2,2,90.0,1.0,toluene,0,0,2,1,2,0,0,0,1,1,0,0,1,0,0,0
75932,C(OO)CCC(O)CCC(=O)CC(OO),XORCZIJXYFZQAR-UHFFFAOYSA-N,1.1218812300000003e-07,-1.2193849600000002,-2114580.35374888,144.74430848000003,222.110338296,33,9,6,0,3,538.0,40.0,decane,0,0,1,0,1,0,0,0,0,0,0,0,0,2,0,0
99348,C12(O)OOC(O)(C1(O)C)C(=O)C(ON(=O)(=O))C2(O)(N(=O)(=O)),XGBOHMABRMJCEP-UHFFFAOYSA-N,0.00112810623,12.55191632,-3371581.37043976,103.42730848,312.007723696,29,7,12,2,4,34.0,13.0,toluene,0,0,4,0,1,0,0,0,1,1,0,0,1,0,0,0
35275,C(=O)(OO)C1OC1(N(=O)(=O))C(OO)=CC(=O)(OO),HKZXVGUPDVMKCL-UHFFFAOYSA-N,5.985292409999999e-07,17.89471696,-2925039.1618104,129.15179568000002,266.98625998,23,6,11,1,3,36.0,10.0,toluene,1,0,0,0,0,0,0,1,0,1,0,0,0,1,2,0
409,C(=O)(N(=O)(=O))C(=O)OC(=O)C(OO)(C)C(=O)C(=O),HJTZDLYXBXPFGK-UHFFFAOYSA-N,0.0907553822999999,18.039901760000003,-2827967.98630256,85.54129424000001,262.99134536,23,7,10,1,1,90.0,40.0,toluene,0,0,0,1,1,0,1,0,0,1,0,0,0,1,0,1
58676,C(O)C(O)(C(=O))C(O)(C(=O)(N(=O)(=O)))OOC(=O),XPVRGRUNGWGMLJ-UHFFFAOYSA-N,5.09207081e-06,12.490788080000002,-2731066.71236552,129.88186184,253.006995424,24,6,10,1,3,457.0,13.0,toluene,0,0,3,2,0,0,0,0,0,1,0,0,1,0,0,0
107915,CC(=O)C(=O)C1(ON(=O)(=O))OOC(OO)(C1(=O))C(=O)(OO),FGXVRCTWOITTJL-UHFFFAOYSA-N,0.0001312534479999,18.46541456,-3420259.54293056,114.8489172,310.97608922,26,7,13,1,2,17.0,2.0,toluene,0,0,0,0,3,0,0,0,1,0,0,0,1,1,1,0
6485,C(=O)(O)C(=O)OC(O)C(OO)C(ON(=O)(=O))C(=O)(OON(=O)(=O)),DTVLHIDZHLOOMR-UHFFFAOYSA-N,6.11694471e-06,15.111896720000004,-3860935.4562456,135.9237252,345.9768174919999,29,6,15,2,3,549.0,40.0,toluene,0,0,1,0,0,1,1,0,1,0,0,1,0,1,0,0
121037,CC(=O)C(OO)C(C)(C(=O)(OON(=O)(=O)))C(O)C,FHEBKXMDQCEZGP-UHFFFAOYSA-N,0.00299507568,4.82197632,-2742966.56646928,99.58890688,267.05903099600005,31,8,9,1,2,214.0,40.0,apin,0,0,1,0,1,0,0,0,0,0,0,1,0,1,0,0
64261,C(ON(=O)(=O))C(=O)C(OO)C(ON(=O)(=O))OOC(=O)C(=O)(OO),LLZFYDFYQHPGCM-UHFFFAOYSA-N,9.96077778e-05,20.49620264,-3860593.4175928,120.7623736,345.97681749199995,29,6,15,2,2,353.0,40.0,toluene,0,0,0,0,2,0,0,0,2,0,0,0,1,1,1,0
99033,C1(OO)OC1CC(=O)C(=O)C(=O)(O),CLQJBDDVURDHFA-UHFFFAOYSA-N,0.000460578296,12.94316216,-1993014.89653632,107.985902,190.011352532,19,6,7,0,2,67.0,31.0,toluene,0,0,0,0,2,1,0,1,0,0,0,0,0,1,0,0
93853,C1(O)C(OO)OOC(=O)C(=O)C1(=O),JYRXFKXNNBRKEF-UHFFFAOYSA-N,0.00255067633,16.930681520000004,-2087160.63468312,102.05328288,191.990617088,17,5,8,0,2,36.0,27.0,toluene,0,0,1,0,3,0,0,0,0,0,0,0,1,1,0,0
124692,CC(=O)C1OC1(O)C(OO)C(=O)C(=O),WMBRAEPNUFAEIY-UHFFFAOYSA-N,0.000226427213,13.25487016,-2096207.2775166405,108.29668952,204.027002596,22,7,7,0,2,138.0,16.0,toluene,0,0,1,1,2,0,0,1,0,0,0,0,0,1,0,0
100727,C12OOC(C1(O))C=C(C2(=O))C(=O)(OON(=O)(=O)),COQPYZCVUBSWNH-UHFFFAOYSA-N,0.000118453229,11.6903052,-2630120.04079232,110.7739104,246.99643074,22,7,9,1,1,8.0,5.0,toluene,1,1,1,0,1,0,0,0,0,0,0,1,1,0,0,0
92183,C1(O)C(O)OOC1(C(=O)(OON(=O)(=O)))C(=O)C(=O),NZLQQYWRPCUPFM-UHFFFAOYSA-N,0.00397423822,16.47621544,-2925224.08720472,94.96177944,266.98625998000006,23,6,11,1,2,67.0,9.0,toluene,0,0,2,1,1,0,0,0,0,0,0,1,1,0,0,0
53838,C(O)(N(=O)(=O))C(=O)OOC(=O)C(=O)C(ON(=O)(=O)),BYADFJGJWYGBRR-UHFFFAOYSA-N,0.0251542363,22.385194960000003,-2967711.5498242406,96.5403608,267.981508948,22,5,11,2,1,43.0,25.0,toluene,0,0,1,0,3,0,0,0,1,1,0,0,1,0,0,0
161793,CCCCC(OO)CC(=O)C(OO),MWXMMJWHOUNZFH-UHFFFAOYSA-N,0.00148422785,3.0108064000000003,-1813690.60904176,103.77562648,192.099773612,29,8,5,0,2,236.0,40.0,decane,0,0,0,0,1,0,0,0,0,0,0,0,0,2,0,0
20261,C(=O)(O)C1(ON(=O)(=O))OC1(ON(=O)(=O))C(C)C(=O)(OO),NUVYKLHEMSAKJR-UHFFFAOYSA-N,0.0442967802,14.28183296,-3268231.69022216,92.53447368,297.9920736319999,26,6,12,2,2,44.0,18.0,toluene,0,0,0,0,0,1,0,1,2,0,0,0,0,0,1,0
154128,CC(OO)C(=O)CC(ON(=O)(=O))C(OO),DBJSQQOOSLQZMC-UHFFFAOYSA-N,0.0008831770449999,10.96873256,-2341937.63825648,106.9537092,225.048466312,26,6,8,1,2,219.0,40.0,apin,0,0,0,0,1,0,0,0,1,0,0,0,0,2,0,0
50760,C(=O)C(ON(=O)(=O))C(ON(=O)(=O))(C)C(=O)OC(=O)C(=O),CAKUUCCHDCOXGT-UHFFFAOYSA-N,0.5079824079999999,17.302932000000002,-3170859.77942168,80.9727428,293.997159012,26,7,11,2,0,42.0,40.0,toluene,0,0,0,2,0,0,2,0,2,0,0,0,0,0,0,0
23148,C(=O)(O)C=C(C(OO))C(=O)OC(=O)C(=O)(OO),FROPVZSOCOECAV-UHFFFAOYSA-N,2.20035217e-06,11.08144952,-2685870.77341208,127.55877952,249.99609639200003,23,7,10,0,3,213.0,40.0,toluene,1,0,0,0,0,1,2,0,0,0,0,0,0,1,1,0
50958,C(=O)C(ON(=O)(=O))C1OOC(=O)C1(O)(O),HZFPKWPGNPPPSN-UHFFFAOYSA-N,0.0102776198,15.5209664,-2430169.97343296,95.35135168,222.99643074,20,5,9,1,2,38.0,28.0,toluene,0,0,2,1,1,0,0,0,1,0,0,0,1,0,0,0
35041,C(=O)(OO)C1(OO)OC1C(OO)=CC(=O),SSBYUKFFESEPKA-UHFFFAOYSA-N,1.8135910600000003e-09,5.36187968,-2387744.5294923205,155.98307640000002,222.001181772,21,6,9,0,3,105.0,10.0,toluene,1,0,0,1,0,0,0,1,0,0,0,0,0,2,1,0
77764,C1(=O)C(=O)OOC1C(OO)(C)C(N(=O)(=O))(OO),HBYIEBZRGMIUGQ-UHFFFAOYSA-N,9.49870678e-06,17.312345999999998,-2730667.6709804,114.57804504,253.006995424,24,6,10,1,2,85.0,22.0,toluene,0,0,0,0,2,0,0,0,0,1,0,0,1,2,0,0
91336,C1(O)C(C(=O)(OO))OOC1(C(O))C(ON(=O)(=O))C(=O)(OO),JJJNZTBIEZZGKC-UHFFFAOYSA-N,2.32423401e-09,8.49285056,-3426741.70547208,153.05569896,315.007389348,30,7,13,1,4,238.0,5.0,toluene,0,0,2,0,0,0,0,0,1,0,0,0,1,0,2,0
31566,C(=O)(OO)C(ON(=O)(=O))C(=O)C(O)(O)C(OO)C(=O)(OON(=O)(=O)),VXZGMHAEJLGYLZ-UHFFFAOYSA-N,6.53134169e-07,22.817778720000003,-4058236.7719464,133.12872952,361.9717321119999,30,6,16,2,4,948.0,2.0,toluene,0,0,2,0,1,0,0,0,1,0,0,1,0,1,1,0
143886,CC(ON(=O)(=O))(C)C(OO)(C(ON(=O)(=O)))C(OO)(C)C(=O),VQBJCPATFJWVDG-UHFFFAOYSA-N,6.992595410000001e-05,8.455947680000001,-3283165.0387588,119.15902296000002,314.059759268,35,8,11,2,2,424.0,40.0,apin,0,0,0,1,0,0,0,0,2,0,0,0,0,2,0,0
19675,C(=O)(O)C1(O)OC1(N(=O)(=O))C(O)(C)C(OO)C(=O),GCIZLQMRPWLHRL-UHFFFAOYSA-N,1.05785055e-09,6.86167632,-2834325.82153512,150.87562576000002,267.022645488,27,7,10,1,4,285.0,7.0,toluene,0,0,2,1,0,1,0,1,0,1,0,0,0,1,0,0
162964,CCCC(O)C(=O)C(ON(=O)(=O)),TZDZAWUVEQLUHO-UHFFFAOYSA-N,0.52727545,7.569902000000001,-1749563.95263728,81.356834,177.063722452,23,6,5,1,1,60.0,33.0,decane,0,0,1,0,1,0,0,0,1,0,0,0,0,0,0,0
45268,C(=O)(OON(=O)(=O))C1OC1(OO)C=CC(=O)(OON(=O)(=O)),VALWFPCHXZIGNC-UHFFFAOYSA-N,0.2445308299999999,11.20270184,-3462160.9540926404,89.74073320000001,311.97133818799995,25,6,13,2,1,35.0,35.0,toluene,1,0,0,0,0,0,0,1,0,0,0,2,0,1,0,0
21724,C(=O)(O)C1OC1(OO)C(OO)C(O)C(=O)C(ON(=O)(=O)),YUTRDFFKGGUZLJ-UHFFFAOYSA-N,4.28311784e-09,10.72890568,-3229249.978358,159.31475376,299.012474728,29,7,12,1,4,694.0,22.0,toluene,0,0,1,0,1,1,0,1,1,0,0,0,0,2,0,0
115373,CC(=O)C(ON(=O)(=O))(C(=O)(O))OOC(OO)(C)C(=O),MEEOEIXIUOUNTB-UHFFFAOYSA-N,0.000196341058,14.49178608,-3031699.50897176,110.06593576000002,283.01756010800005,28,7,11,1,2,518.0,34.0,apin,0,0,0,1,1,1,0,0,1,0,0,0,1,1,0,0
129527,CC(=O)OC(=O)C(ON(=O)(=O))(OO)C(O)C(=O)(OO),GARQMEKSWSBINN-UHFFFAOYSA-N,4.75754599e-05,17.240130160000003,-3126101.6384964,115.57145216,284.99682466400003,26,6,12,1,3,315.0,8.0,toluene,0,0,1,0,0,0,2,0,1,0,0,0,0,1,1,0
75592,C(OO)C1OOC(OO)(C(=O)(OON(=O)(=O)))C1(O)C,VYBNMRACUADKEN-UHFFFAOYSA-N,0.000256166514,7.345012,-3128785.20785488,117.14283704,287.01247472800003,28,6,12,1,3,207.0,40.0,toluene,0,0,1,0,0,0,0,0,0,0,0,1,1,2,0,0
36592,C(=O)(OO)CC(=O)C(OO)(C(=O)(OON(=O)(=O)))OC(=O),CPUHCDILPVHWBN-UHFFFAOYSA-N,0.00422160003,17.284982640000003,-3320323.7427862403,103.7477192,298.97608922,25,6,13,1,2,358.0,40.0,toluene,0,0,0,0,1,0,1,0,0,0,0,1,0,1,1,0
137590,CC(O)CCC(=O)C(ON(=O)(=O))CCCC,ISMXVARTBMWJNY-UHFFFAOYSA-N,0.0217910813,0.34656072,-2162660.3028568,94.8464684,233.126322708,35,10,5,1,1,127.0,40.0,decane,0,0,1,0,1,0,0,0,1,0,0,0,0,0,0,0
57927,C(O)C(C(=O)(O))C(=O)C(=O)(O),OPIXFDMKMPBSCH-UHFFFAOYSA-N,1.44464909e-05,3.68689896,-1695737.0697436,117.7490568,162.016437912,17,5,6,0,3,167.0,29.0,toluene,0,0,1,0,1,2,0,0,0,0,0,0,0,0,0,0
127981,CC(=O)CC(OO)CC(=O)(OO),ZWHXCVRXXYHDIQ-UHFFFAOYSA-N,0.0160054462,11.074796960000002,-1801670.69095768,98.71235888,178.04773804,22,6,6,0,2,82.0,3.0,apin_decane,0,0,0,0,1,0,0,0,0,0,0,0,0,1,1,0
75759,C(OO)CC(O)CC(ON(=O)(=O))C(=O)(OON(=O)(=O)),ORIMYKINSYBASD-UHFFFAOYSA-N,0.00104761757,7.566764,-3076775.76560936,111.77212912,286.02845914,29,6,11,2,2,282.0,40.0,decane,0,0,1,0,0,0,0,0,1,0,0,1,0,1,0,0
77579,C1(=O)C(=O)OOC1C(N(=O)(=O))C(=O)C(=O),FFXOMVKHDZKUHA-UHFFFAOYSA-N,0.2959085339999999,20.0011936,-2329485.47247128,76.4031872,216.985866056,18,6,8,1,0,9.0,9.0,toluene,0,0,0,1,3,0,0,0,0,1,0,0,1,0,0,0
44644,C(=O)(OON(=O)(=O))C1(OO)OC1(C)C(O)(O)C(=O)C(=O),PNGBTHHIRXIKRJ-UHFFFAOYSA-N,2.8196517e-05,13.383946560000002,-3226022.58443656,117.8837816,296.996824664,27,7,12,1,3,213.0,16.0,toluene,0,0,2,1,1,0,0,1,0,0,0,1,0,1,0,0
133325,CC(O)(C(=O)(O))C(=O)C(ON(=O)(=O))C(O)C(=O)(OON(=O)(=O)),MRQNZBCPCLLYBO-UHFFFAOYSA-N,1.36858471e-05,15.477159920000002,-3569189.90734448,133.54813368,328.00263831599995,30,7,13,2,3,428.0,12.0,toluene,0,0,2,0,1,1,0,0,1,0,0,1,0,0,0,0
18033,C(=O)(O)C(OO)OC(=O)C(N(=O)(=O))C(=O)C(=O)C(ON(=O)(=O)),BHGXEQSTAGEMLJ-UHFFFAOYSA-N,1.9161835e-05,20.17219368,-3566032.23748184,123.17532824,325.98698825199995,28,7,13,2,2,458.0,40.0,toluene,0,0,0,0,2,1,0,0,1,1,0,0,0,1,0,1
75458,C(OO)C1CC(OO)(C(=O)(OO))C1(C)C,ZNNDHNZCIRCMEY-UHFFFAOYSA-N,9.62359349e-06,3.2277468,-2205492.3903432,124.73533264,222.073952788,29,8,7,0,3,61.0,9.0,apin,0,0,0,0,0,0,0,0,0,0,0,0,0,2,1,0
140198,CC(ON(=O)(=O))(C(=O))C(O)(OO)C(N(=O)(=O))(OO)OC(=O),QDFFGOXDTZPICP-UHFFFAOYSA-N,3.6046353e-06,13.76121784,-3468765.61319208,119.6105184,316.00263831599995,29,6,13,2,3,410.0,4.0,toluene,0,0,1,1,0,0,1,0,1,1,0,0,0,2,0,0
31043,C(=O)(OO)C(O)C(OO)C(ON(=O)(=O))(C(O))OC(=O),ZBADFTRGJNDTQM-UHFFFAOYSA-N,5.4267661200000005e-05,11.202618160000002,-3129220.69865808,126.87444448,287.012474728,28,6,12,1,4,763.0,14.0,toluene,0,0,2,0,0,0,1,0,1,0,0,0,0,1,1,0
127140,CC(=O)CC(ON(=O)(=O))C(=O)CCC(=O)C(ON(=O)(=O)),RJJJSNCRIZEEOO-UHFFFAOYSA-N,0.000179178944,15.78317768,-2985444.02938096,108.91186304,292.054279964,32,9,9,2,0,110.0,40.0,decane,0,0,0,0,3,0,0,0,2,0,0,0,0,0,0,0
61054,C(O)C1(O)C(O)(OO2)C(=O)C=CC12,OALCWDFRSCREIJ-UHFFFAOYSA-N,0.0160755893,9.91720968,-1898712.7873726403,95.59197352,188.032087976,21,7,6,0,3,16.0,3.0,toluene,1,1,3,0,1,0,0,0,0,0,0,0,1,0,0,0
35564,C(=O)(OO)C1OC1C(O)(C)C(=O)C(=O)(OO),HKVHYMFWDJXGEO-UHFFFAOYSA-N,1.34017875e-07,10.34908216,-2491312.90479584,136.8870912,236.016831836,24,7,9,0,3,103.0,12.0,toluene,0,0,1,0,1,0,0,1,0,0,0,0,0,0,2,0
103639,C2(=O)C(=O)CC(C1(O))OOC12C(OO),UDIBXOYRZXFGCK-UHFFFAOYSA-N,4.11756927e-06,11.109566,-2096090.1294496,113.38334568,204.027002596,22,7,7,0,2,28.0,9.0,,0,0,1,0,2,0,0,0,0,0,0,0,1,1,0,0
3704,C(=O)(O)C(=O)C(C1(=O))OOC1(C(O))C(=O),KBDCIJHVRVTCKB-UHFFFAOYSA-N,0.000134279982,16.29015296,-2290772.1938298405,113.1556524,218.006267152,21,7,8,0,2,101.0,34.0,toluene,0,0,1,1,2,1,0,0,0,0,0,0,1,0,0,0
999,C(=O)(N(=O)(=O))C(ON(=O)(=O))(OO)C(=O),QWLSLEHLORJCTR-UHFFFAOYSA-N,54.343,16.74880304,-2368739.8359088,61.713205040000005,209.976029644,16,3,9,2,1,34.0,20.0,toluene,0,0,0,1,0,0,0,0,1,1,0,0,0,1,0,0
125417,CC(=O)C=CC(ON(=O)(=O))(C(OO)(C)C)CC(=O)(OO),KNQNZYTXKTVSNP-UHFFFAOYSA-N,8.50226232e-06,9.54416424,-2946276.07131736,130.60598672,293.07468106,35,10,9,1,2,173.0,6.0,apin,1,0,0,0,1,0,0,0,1,0,0,0,0,1,1,0
65538,C(ON(=O)(=O))C(=O)OOC(OO)(C(=O))C(ON(=O)(=O))C(=O)(OO),BJZQJOXKRNXRLB-UHFFFAOYSA-N,0.00246999059,24.62058064,-3860816.85628872,102.15871968000002,345.9768174919999,29,6,15,2,2,532.0,40.0,toluene,0,0,0,1,1,0,0,0,2,0,0,0,1,1,1,0
115294,CC(=O)C(O)OOC(=O)C(=O)C(=O)(OON(=O)(=O)),NPFXDEXECPDTPQ-UHFFFAOYSA-N,0.0807299794,16.16413088,-2925560.46892216,89.74885016,266.98625998000006,23,6,11,1,1,52.0,32.0,toluene,0,0,1,0,3,0,0,0,0,0,0,1,1,0,0,0
162419,CCCC(OO)C(ON(=O)(=O))CC(=O)(OO),QZESTOWCLJROPU-UHFFFAOYSA-N,0.000509992033,11.88159768,-2445253.5185740003,110.45914808000002,239.064116376,29,7,8,1,2,103.0,2.0,decane,0,0,0,0,0,0,0,0,1,0,0,0,0,1,1,0
99979,C12OC1(C(ON(=O)(=O)))C=CC(=O)C2(O)(O),MLKFAQNGWGEVCH-UHFFFAOYSA-N,0.00489530418,10.50669344,-2238435.4970955206,98.8216868,217.022251564,22,7,7,1,2,7.0,5.0,toluene,1,1,2,0,1,0,0,1,1,0,0,0,0,0,0,0
210,C(=O)(N(=O)(=O))C(=O)OC(=O)C(=O)C(O)C(=O)(O),KKMYYYCCBXMRMV-UHFFFAOYSA-N,0.00973793042,16.773823359999998,-2725028.5268252003,101.39543256,248.97569529600003,20,6,10,1,2,53.0,15.0,toluene,0,0,1,0,1,1,1,0,0,1,0,0,0,0,0,1
28551,C(=O)(OO)C(=O)OOC(O)(C(=O))C(=O)C(=O)C,RMLCEWKOVWYWFO-UHFFFAOYSA-N,9.47235194e-08,16.1782728,-2686108.3582538404,137.57749303999998,249.99609639200003,23,7,10,0,2,61.0,12.0,toluene,0,0,1,1,3,0,0,0,0,0,0,0,1,0,1,0
61510,C(O)CC(O)C(ON(=O)(=O))C(O)CC(OO),UINLOCLVLYBBRV-UHFFFAOYSA-N,3.37108366e-07,-1.56791216,-2448606.7979678405,144.10478408,241.07976644,31,7,8,1,4,666.0,40.0,decane,0,0,3,0,0,0,0,0,1,0,0,0,0,1,0,0
108649,CC(=O)C(=O)CC(ON(=O)(=O))(C(ON(=O)(=O))(C)C)CC(=O),PTDBOXJNDURKSP-UHFFFAOYSA-N,0.0039938807799999,11.8174988,-3088627.6014932003,95.79297288,306.069930028,35,10,9,2,0,67.0,40.0,apin,0,0,0,1,2,0,0,0,2,0,0,0,0,0,0,0
43765,C(=O)(OON(=O)(=O))C1(C(=O))OC1(N(=O)(=O))C(OO)=CC(=O),ZBFAKBWKZSMXFQ-UHFFFAOYSA-N,0.000192777468,7.412374400000001,-3364814.6512549603,111.98111992,307.976423568,25,7,12,2,1,69.0,40.0,toluene,1,0,0,2,0,0,0,1,0,1,0,1,0,1,0,0
23489,C(=O)(O)C=CC(OO)(C(=O)(OO))OC(=O)C(=O),MQJPRAUXRXWDQG-UHFFFAOYSA-N,5.62395615e-07,11.90486072,-2685815.7967399205,134.71572071999998,249.99609639200003,23,7,10,0,3,192.0,37.0,toluene,1,0,0,1,0,1,1,0,0,0,0,0,0,1,1,0
60991,C(O)C1(O)C(=O)OOC1C(O)C(=O)(OON(=O)(=O)),LZBYGADESOMBSY-UHFFFAOYSA-N,0.000615869044,10.202684,-2928497.7702662405,113.12703384,269.00191004400006,25,6,11,1,3,205.0,40.0,toluene,0,0,3,0,1,0,0,0,0,0,0,1,1,0,0,0
37164,C(=O)(OO)CC1(OO)OC1(OO)C(=O)(OON(=O)(=O)),SFUYXWCIXJPVPZ-UHFFFAOYSA-N,0.000163657375,13.95230112,-3219922.114366,113.55070568,286.97608922,24,5,13,1,3,179.0,19.0,toluene,0,0,0,0,0,0,0,1,0,0,0,1,0,2,1,0
113718,CC(=O)C(O)(OO)C(ON(=O)(=O))C1OC1(OO)C(=O),ZJGRKSKHENFWOS-UHFFFAOYSA-N,0.00222620616,10.990740400000002,-3031559.0191218406,105.19316568,283.01756010800005,28,7,11,1,3,251.0,31.0,toluene,0,0,1,1,1,0,0,1,1,0,0,0,0,2,0,0
79152,C1(=O)C(O)(O)C(OO)OC(=O)C(OO)C1(O),BPVBMULVGICYFF-UHFFFAOYSA-N,3.57493492e-08,6.44854816,-2588876.2012540004,149.13248768000005,240.01174645600005,24,6,10,0,5,246.0,28.0,toluene,0,0,3,0,1,0,1,0,0,0,0,0,0,2,0,0
133273,CC(O)(C(=O)(O))C(=O)C(N(=O)(=O))C(=O)(OON(=O)(=O)),YRJHCGQLBZUOER-UHFFFAOYSA-N,0.0271287378,15.127586720000002,-3070775.17837168,94.73237072,281.997159012,25,6,11,2,2,80.0,7.0,toluene,0,0,1,0,1,1,0,0,0,1,0,1,0,0,0,0
16038,C(=O)(O)C(OO)(C(=O))C(=O)OC(=O),BFXKTXPZEICEPK-UHFFFAOYSA-N,0.0043654405999999,17.744636879999998,-2087464.73901624,97.81848912,191.990617088,17,5,8,0,2,101.0,11.0,toluene,0,0,0,1,0,1,2,0,0,0,0,0,0,1,0,0
71492,C(OO)C(=O)C1(C(=O))OC1(ON(=O)(=O))C(=O),CFJAYGUZPKKFJS-UHFFFAOYSA-N,0.140781993,15.17888256,-2530061.31543928,82.38183031999999,234.99643074,21,6,9,1,1,82.0,40.0,toluene,0,0,0,2,1,0,0,1,1,0,0,0,0,1,0,0
96081,C1(ON(=O)(=O))OC1(OO)C(=O)C(C(=O)(OON(=O)(=O)))C(=O),MQMGBYOIEGZFNG-UHFFFAOYSA-N,0.0472213871,14.45036448,-3462323.2715358404,94.59823168,311.97133818799995,25,6,13,2,1,105.0,40.0,toluene,0,0,0,1,1,0,0,1,1,0,0,1,0,1,0,0
141474,CC(ON(=O)(=O))(C(OO))C(ON(=O)(=O))(C(=O)(OO))CC(=O)C,XVRDHNJOICCLLI-UHFFFAOYSA-N,1.05746424e-05,12.39204568,-3477690.8463872,120.95960736,328.039023824,34,8,12,2,2,427.0,40.0,apin,0,0,0,0,1,0,0,0,2,0,0,0,0,1,1,0
125650,CC(=O)CC(=O)C(=O)CC(OO)C(O),BIWZAKCZAJWBHP-UHFFFAOYSA-N,0.000245349729,8.22980248,-2005185.5574878403,110.91537144,204.063388104,26,8,6,0,2,480.0,40.0,decane,0,0,1,0,3,0,0,0,0,0,0,0,0,1,0,0
16034,C(=O)(O)C(OO)(C(=O))C(=O)C(O)C(ON(=O)(=O))C(=O),ZFKTWFDIIVHBOB-UHFFFAOYSA-N,6.9010851e-08,12.96512816,-3028704.855364,142.32486863999998,281.001910044,26,7,11,1,3,602.0,13.0,toluene,0,0,1,2,1,1,0,0,1,0,0,0,0,1,0,0
9489,C(=O)(O)C(O)(C(=O)(O))C(OO)C(=O)(OON(=O)(=O)),YPLGYIZZLQCKRW-UHFFFAOYSA-N,2.08053178e-06,13.10190312,-3022924.07080072,132.97873312000002,270.98117460000003,23,5,12,1,4,630.0,13.0,toluene,0,0,1,0,0,2,0,0,0,0,0,1,0,1,0,0
36499,C(=O)(OO)CC(=O)C(=O)C(O)C(=O),PBWTUSGEHMGSQK-UHFFFAOYSA-N,1.89673156e-06,15.673180320000002,-1993075.87436152,127.74007224,190.011352532,19,6,7,0,2,51.0,1.0,toluene,0,0,1,1,2,0,0,0,0,0,0,0,0,0,1,0
11119,C(=O)(O)C(O)C(=O)C1(C)OC1(OO)C(=O)(OON(=O)(=O)),CNOGWNKOPPXOOO-UHFFFAOYSA-N,1.64675345e-05,11.90122064,-3226145.13618144,127.03155368000002,296.996824664,27,7,12,1,3,202.0,6.0,toluene,0,0,1,0,1,1,0,1,0,0,0,1,0,1,0,0
32909,C(=O)(OO)C(OO)(C(=O))C(ON(=O)(=O))C(=O)C(=O)C(=O),ZSPPGXYRYGWNRQ-UHFFFAOYSA-N,0.000496403221,16.50052448,-3222829.92248488,107.37173264,294.9811746,25,7,12,1,2,376.0,40.0,toluene,0,0,0,2,2,0,0,0,1,0,0,0,0,1,1,0
87685,C1(O)(O)C(N(=O)(=O))(OO)OOC1(C(OO))C(OO)C(=O),QENQFIGXBUIMMX-UHFFFAOYSA-N,2.45886471e-10,8.03528832,-3326367.8307372,158.67363944000002,303.007389348,29,6,13,1,5,766.0,5.0,toluene,0,0,2,1,0,0,0,0,0,1,0,0,1,3,0,0
24291,C(=O)(O)CC(=O)OC(=O)C(=O)C(=O)(O),SKEAXSNKTZGUFO-UHFFFAOYSA-N,5.63828468e-05,15.61472984,-2187902.86643496,116.35524088,203.990617088,18,6,8,0,2,51.0,13.0,toluene,0,0,0,0,1,2,2,0,0,0,0,0,0,0,0,0
62124,C(ON(=O)(=O))C(=O)C(=O)C(=O)C(=O)OC(=O),NGFITSKLODZAGY-UHFFFAOYSA-N,1.5699999999999998,19.26723632,-2527236.8569936003,77.22643104000001,232.980780676,19,6,9,1,0,20.0,20.0,toluene,0,0,0,0,3,0,2,0,1,0,0,0,0,0,0,0
19510,C(=O)(O)C1(O)C(OO)OOC1(O)C(=O),RZOFCLILTKXLAQ-UHFFFAOYSA-N,0.0012312078199999,12.796094560000002,-2288004.8722555204,105.79595456,210.001181772,20,5,9,0,4,108.0,2.0,toluene,0,0,2,1,0,1,0,0,0,0,0,0,1,1,0,0
100556,C12OOC(C1(O))C(=O)C(OO)(C)C2(=O),NDSZFWWQRJMFGN-UHFFFAOYSA-N,0.0001894784669999,13.52494736,-2096078.69194168,110.57671848,204.027002596,22,7,7,0,2,6.0,4.0,toluene,0,0,1,0,2,0,0,0,0,0,0,0,1,1,0,0
15038,C(=O)(O)C(ON(=O)(=O))C(OO)(C(=O)(OON(=O)(=O)))C(=O)C(=O),ASODNMINXGHCJM-UHFFFAOYSA-N,0.0034956419,14.2891968,-3660038.74708736,99.92969368,327.966252808,26,6,14,2,2,402.0,40.0,toluene,0,0,0,1,1,1,0,0,1,0,0,1,0,1,0,0
55059,C(O)C(=O)C(N(=O)(=O))(OO)OC(=O)C(=O)C(OO),ZJEUQOUJNPNVQN-UHFFFAOYSA-N,3.02919191e-06,12.64580528,-2928448.6345836003,133.16613448,269.00191004400006,25,6,11,1,3,732.0,40.0,toluene,0,0,1,0,2,0,1,0,0,1,0,0,0,2,0,0
89483,C1(O)(OO)C(C(=O)(O))OOC1C(OO)C(=O)C(ON(=O)(=O)),WXMITYHYJVSDNA-UHFFFAOYSA-N,4.14907775e-07,13.512813760000002,-3426704.4897544,127.99341344,315.007389348,30,7,13,1,4,527.0,9.0,toluene,0,0,1,0,1,1,0,0,1,0,0,0,1,2,0,0
125627,CC(=O)CC(=O)C(=O)CC(ON(=O)(=O))C(=O)(OO),JSHYQPMOAAUSTN-UHFFFAOYSA-N,0.00405704751,13.07223856,-2736834.48288968,102.10273776,263.02773086800005,27,8,9,1,1,115.0,40.0,decane,0,0,0,0,3,0,0,0,1,0,0,0,0,0,1,0
71597,C(OO)C(=O)C1(O)OC1C(OO)=CC(=O)(OON(=O)(=O)),BUXFKKAGDSIHJG-UHFFFAOYSA-N,9.02683945e-07,11.97862464,-3225823.63795616,134.99224128,296.996824664,27,7,12,1,3,269.0,21.0,toluene,1,0,1,0,1,0,0,1,0,0,0,1,0,2,0,0
35039,C(=O)(OO)C1(OO)OC1C(OO)(C)C(=O)C(=O),WMZYJRIKIQLIDR-UHFFFAOYSA-N,9.17391397e-05,11.44098064,-2688598.54924096,110.8416912,252.01174645600005,25,7,10,0,3,288.0,40.0,toluene,0,0,0,1,1,0,0,1,0,0,0,0,0,2,1,0
164706,CCC(=O)CC(OO)CCC(OO)CC,MMKHRMHOSPFROD-UHFFFAOYSA-N,0.0001094159039999,0.30216848,-2020250.74152144,117.94198104,220.13107374,35,10,5,0,2,221.0,40.0,decane,0,0,0,0,1,0,0,0,0,0,0,0,0,2,0,0
22652,C(=O)(O)C1OOC(O)(C1(O)(N(=O)(=O)))C(=O)C(=O)C(=O)(OO),OJMLMVNQQDSOPU-UHFFFAOYSA-N,1.13450974e-06,20.02772016,-3420666.3133352,140.17282823999997,310.97608921999995,26,7,13,1,4,217.0,19.0,toluene,0,0,2,0,2,1,0,0,0,1,0,0,1,0,1,0
48899,C(=O)C(=O)OC(OO)C(ON(=O)(=O))(C(ON(=O)(=O)))C(=O)C(=O),QYZZELPNBIQGSU-UHFFFAOYSA-N,0.0364460675,20.085501200000003,-3565795.26726968,93.2973424,325.98698825199995,28,7,13,2,1,253.0,40.0,toluene,0,0,0,2,1,0,1,0,2,0,0,0,0,1,0,0
115447,CC(=O)C(ON(=O)(=O))(C(=O)C(=O)(OON(=O)(=O)))OOC(=O),XYMIMNLGBXUHER-UHFFFAOYSA-N,19.107000000000003,12.992951760000002,-3462416.86636064,68.90562656,311.97133818799995,25,6,13,2,0,48.0,40.0,toluene,0,0,0,1,2,0,0,0,1,0,0,1,1,0,0,0
56964,C(O)C(=O)C1OC1C(O)C(=O)(O),NPTHVQVGPPDWCM-UHFFFAOYSA-N,1.51834968e-07,8.33942328,-1798826.22433112,138.30375176,176.032087976,20,6,6,0,3,75.0,2.0,toluene,0,0,2,0,1,1,0,1,0,0,0,0,0,0,0,0
2298,C(=O)(N(=O)(=O))C1(OO)OC1CC(=O)C(=O)(O),RLDBCZYLWIGURK-UHFFFAOYSA-N,0.000298842484,15.28348256,-2530271.2580156,110.26312768,234.99643074,21,6,9,1,2,91.0,36.0,toluene,0,0,0,0,1,1,0,1,0,1,0,0,0,1,0,0
72699,C(OO)C(C(=O)(OO))C(C(O))(C)C(=O),MRUIUXYBIYKBDJ-UHFFFAOYSA-N,5.94719581e-05,7.020710160000001,-2102499.03559032,121.98728144,208.058302724,26,7,7,0,3,211.0,4.0,apin,0,0,1,1,0,0,0,0,0,0,0,0,0,1,1,0
104762,C2(O)C(OO)C1OC1(C(ON(=O)(=O)))C(O)(OO)C2(=O),OKXZZJLSKLSFRU-UHFFFAOYSA-N,4.1397566e-08,15.21557624,-3031562.4392908,142.94945616,283.01756010800005,28,7,11,1,4,146.0,1.0,toluene,0,0,2,0,1,0,0,1,1,0,0,0,0,2,0,0
127772,CC(=O)CC(OO)C(=O)CC(=O)C(ON(=O)(=O)),HVIGGFZDBQWRQV-UHFFFAOYSA-N,0.000133357495,13.83297344,-2542367.6522976803,112.79670704,249.048466312,28,8,8,1,1,319.0,40.0,decane,0,0,0,0,3,0,0,0,1,0,0,0,0,1,0,0
21392,C(=O)(O)C1OC1(C)C=C(OO)C(=O)(OON(=O)(=O)),VJKJLUAPNJRNLE-UHFFFAOYSA-N,0.000615956626,5.998851840000001,-2830892.97338152,112.87331608,265.006995424,25,7,10,1,2,103.0,40.0,toluene,1,0,0,0,0,1,0,1,0,0,0,1,0,1,0,0
26515,C(=O)(OO)C(=O)C(=O)OOC(C(=O)(O))(C)C(=O),ZSISEWWVJSCQNP-UHFFFAOYSA-N,7.25859684e-06,14.01648368,-2685829.87531416,125.92927888,249.996096392,23,7,10,0,2,123.0,37.0,toluene,0,0,0,1,2,1,0,0,0,0,0,0,1,0,1,0
119213,CC(=O)C(ON(=O)(=O))CC(OO)(C(=O)C)CC(=O),XPMSBXMJSSAJNM-UHFFFAOYSA-N,4.73814026e-05,10.679074239999998,-2645619.12587648,116.23461616000002,263.064116376,31,9,8,1,1,281.0,40.0,apin,0,0,0,1,2,0,0,0,1,0,0,0,0,1,0,0
35236,C(=O)(OO)C1OC1(C)C(ON(=O)(=O))C(=O)C(=O),IRZIWUJSWKEPDF-UHFFFAOYSA-N,0.0362071864,16.45621592,-2633415.0042636003,85.80187376,249.012080804,24,7,9,1,1,49.0,24.0,toluene,0,0,0,1,1,0,0,1,1,0,0,0,0,0,1,0
115979,CC(=O)C(ON(=O)(=O))(C)C(C(=O)(O))C(OO),CJKQUGFOWHZHEH-UHFFFAOYSA-N,0.000111830949,9.762318,-2442337.26710128,112.76210536,237.048466312,27,7,8,1,2,277.0,40.0,apin,0,0,0,0,1,1,0,0,1,0,0,0,0,1,0,0
62016,C(O)CCC(OO)C(=O)CCC(=O)(OON(=O)(=O)),LCZFYHZWMJTHHF-UHFFFAOYSA-N,9.78369433e-06,4.1204868800000005,-2742988.4089994403,129.26200224,267.05903099600005,31,8,9,1,2,381.0,40.0,decane,0,0,1,0,1,0,0,0,0,0,0,1,0,1,0,0
129210,CC(=O)CCCC(ON(=O)(=O))C(=O)CC(=O)(OON(=O)(=O)),IBZFFQNQRGYUAS-UHFFFAOYSA-N,0.00109281168,14.94528984,-3182876.8328046403,104.31603192,308.049194584,33,9,10,2,0,133.0,40.0,decane,0,0,0,0,2,0,0,0,1,0,0,1,0,0,0,0
159080,CC1(C)C(ON(=O)(=O))C(ON(=O)(=O))C(=O)C(O)(C1(=O))C(OO),HISYXWOALSXUHW-UHFFFAOYSA-N,5.7699755e-05,11.34558544,-3380374.26589056,117.3331672,324.04410920399994,34,9,11,2,2,100.0,22.0,apin,0,0,1,0,2,0,0,0,2,0,0,0,0,1,0,0
39580,C(=O)(OON(=O)(=O))C(O)(N(=O)(=O))C(=O)C(=O)OOC(=O),QELPJKYBRCZBCK-UHFFFAOYSA-N,1.852,16.820474960000002,-3359262.9483484,78.56296800000001,297.95568812399995,22,5,13,2,1,57.0,19.0,toluene,0,0,1,1,2,0,0,0,0,1,0,1,1,0,0,0
79,C(=O)(N(=O)(=O))C(=O)C(O)(C1(=O))OOC1C(=O),NABGTGXBGFIRDF-UHFFFAOYSA-N,0.571298774,18.429390320000003,-2527039.0427454403,77.0094488,232.980780676,19,6,9,1,1,16.0,9.0,toluene,0,0,1,1,2,0,0,0,0,1,0,0,1,0,0,0
9160,C(=O)(O)C(N(=O)(=O))=CC1(C(OO))OC1C(=O)(O),CMELSEMFLMYZGK-UHFFFAOYSA-N,4.42672681e-08,8.79430776,-2633597.4536504,145.66826120000002,249.012080804,24,7,9,1,3,262.0,40.0,toluene,1,0,0,0,0,2,0,1,0,1,0,0,0,1,0,0
4045,C(=O)(O)C(=O)C(O)(O)C(O)(OO)C(ON(=O)(=O))C(=O)(OON(=O)(=O)),IGYXMGAENTVPFR-UHFFFAOYSA-N,5.61028931e-08,18.167053520000003,-4058503.61152536,145.46571376000003,361.9717321119999,30,6,16,2,5,1058.0,1.0,toluene,0,0,3,0,1,1,0,0,1,0,0,1,0,1,0,0
14114,C(=O)(O)C(ON(=O)(=O))C(C)(C)C(O)C(=O),BOHHSWDVLXVUFB-UHFFFAOYSA-N,0.000123849558,6.89368392,-2244928.96718992,112.18132432,221.053551692,26,7,7,1,2,159.0,40.0,apin,0,0,1,1,0,1,0,0,1,0,0,0,0,0,0,0
24545,C(=O)(O)CC(C)C(OO)(C)C(=O)(OO),UHAZXQMTCBHZPO-UHFFFAOYSA-N,3.5088482200000003e-09,7.356057760000001,-2102590.6958172,151.69422536000002,208.058302724,26,7,7,0,3,194.0,2.0,apin,0,0,0,0,0,1,0,0,0,0,0,0,0,1,1,0
38365,C(=O)(OON(=O)(=O))C(=O)C1OOC(OO)(C1(O))C(O)C(=O),RAUBAYPEAUDKIT-UHFFFAOYSA-N,6.25022511e-07,14.029705120000004,-3423484.02441144,138.49684336,312.99173928399995,28,7,13,1,3,257.0,13.0,toluene,0,0,2,1,1,0,0,0,0,0,0,1,1,1,0,0
23000,C(=O)(O)C1OOC(OO)C=C(C1(=O))C(OO),VKQUSAYXKZMNHZ-UHFFFAOYSA-N,9.26465242e-08,5.133224080000001,-2491121.98389688,142.92782488,236.016831836,24,7,9,0,3,247.0,40.0,toluene,1,1,0,0,1,1,0,0,0,0,0,0,1,2,0,0
142613,CC(ON(=O)(=O))(C)C(C(OO)(C(=O))C(=O))CC(=O)C(=O),VAUOFCXTFYCHQH-UHFFFAOYSA-N,1.34812075e-05,13.9831372,-2943206.61310328,120.01352128,291.059030996,33,10,9,1,1,316.0,40.0,apin,0,0,0,3,1,0,0,0,1,0,0,0,0,1,0,0
52439,C(=O)C1OC1C(C(=O)(O))=CC(=O),MWESSYWXBXMKGP-UHFFFAOYSA-N,0.000790464415,9.87599728,-1698076.1221824,101.11171552,170.021523292,18,7,5,0,1,18.0,13.0,toluene,1,0,0,2,0,1,0,1,0,0,0,0,0,0,0,0
99881,C12CC(ON(=O)(=O))(C1(C)C)CC(O)C2(OO)C,HLFKBWNHXQPTMA-UHFFFAOYSA-N,0.000876827872,-1.24796168,-2356794.44699832,107.58264808,247.105587264,34,10,6,1,2,17.0,7.0,apin,0,0,1,0,0,0,0,0,1,0,0,0,0,1,0,0
27055,C(=O)(OO)C(=O)C(ON(=O)(=O))(C(ON(=O)(=O)))C(=O)C(=O),GRXBCKVNTMHLFL-UHFFFAOYSA-N,0.0519900163,14.422791920000002,-3264957.21140568,92.2572,295.976423568,24,6,12,2,1,86.0,40.0,toluene,0,0,0,1,2,0,0,0,2,0,0,0,0,0,1,0
25283,C(=O)(O)CC1C(ON(=O)(=O))C(C)C1(C)C(ON(=O)(=O)),TTWPAIMLPBZUQK-UHFFFAOYSA-N,0.000598513,2.97365248,-2791037.64231736,108.80245144,278.075015408,33,9,8,2,1,30.0,26.0,apin,0,0,0,0,0,1,0,0,2,0,0,0,0,0,0,0
116191,CC(=O)C(ON(=O)(=O))(C1(O)(N(=O)(=O)))OOC1(O)C(=O)C(=O),FZQZYZBBEIBAGL-UHFFFAOYSA-N,1.29245579e-05,13.62732984,-3368269.85075496,122.78546312,309.992073632,27,7,12,2,2,90.0,1.0,toluene,0,0,2,1,2,0,0,0,1,1,0,0,1,0,0,0
131316,CC(C(=O)(OO))=C(OO)C(O)OC(=O)C(=O),KWSNNFNVSBSJIX-UHFFFAOYSA-N,0.000375021958,11.332322160000002,-2491336.43883352,113.35112888,236.016831836,24,7,9,0,3,192.0,6.0,toluene,1,0,1,1,0,0,1,0,0,0,0,0,0,1,1,0
100168,C12OC1C(O)(O)C(=O)C(OO)C2(O)C(ON(=O)(=O)),JHKQOGOCHHTGSP-UHFFFAOYSA-N,2.5098383600000003e-05,8.847988480000001,-2834225.34875824,122.29208583999998,267.022645488,27,7,10,1,4,183.0,40.0,toluene,0,0,3,0,1,0,0,1,1,0,0,0,0,1,0,0
