"station","Present_Tmax","Present_Tmin","LDAPS_RHmin","LDAPS_RHmax","LDAPS_Tmax_lapse","LDAPS_Tmin_lapse","LDAPS_WS","LDAPS_LH","LDAPS_CC1","LDAPS_CC2","LDAPS_CC3","LDAPS_CC4","LDAPS_PPT1","LDAPS_PPT2","LDAPS_PPT3","LDAPS_PPT4","lat","lon","DEM","Slope","Solar.radiation","Next_Tmax"
18,35.7,26,84.4479599,92.30833435,26.10436912,24.17085875,10.89108139,88.17508252,0.804607979,0.799245146,0.78918664,0.785635191,1.558013171,1.705515606,1.778124531,2.281070439,37.4832,127.024,56.4448,1.2313,5771.630371,28
9,30.1,21.8,70.75771332,97.71020508,25.93192417,22.09147536,3.419272289,30.0180191,0.338612743,0.61140489,0.619563436,0.628081612,0,0.001118425,0,0,37.4967,126.826,50.9312,0.4125,5109.80957,26.6
19,35.2,25.4,49.06759644,75.48083496,34.68169633,27.15902579,5.989162087,59.33415874,0.277531078,0.050168593,0.132710375,0.029845888,0.068292495,0.009718015,0,0,37.5776,126.938,75.0924,1.7678,5330.692383,35.7
2,33.3,24.3,60.96154404,85.60211945,32.30580313,27.01450962,4.921388427,82.74378451,0.193429759,0.126199049,0.423696172,0.069963091,0,0,2.30861187,0.005209917,37.6046,127.032,44.7624,0.5141,5162.595703,34.4
9,26.9,20.7,38.46293259,76.45963287,28.01932742,16.91826193,7.882512569,135.3971998,0,0,0.135961015,0.499429781,0,0,0,0,37.4967,126.826,50.9312,0.4125,4588.736816,28.4
20,27.6,22.9,62.32436752,97.00519562,27.24174847,21.5031079,10.1664901,82.44636926,0.203365942,0.127916745,0.011260271,0.061987644,0,0,0,0,37.6181,127.004,146.554,4.7296,5649.462891,29.6
19,25.9,21.5,73.00840759,91.06847382,23.65621226,21.02351696,11.09308495,65.29918496,0.583724169,0.75714119,0.829054738,0.907596419,0,4.303777456,7.60340929,5.175811936,37.5776,126.938,75.0924,1.7678,5069.371094,24.4
12,22.8,16.7,71.39398956,95.12954712,30.71335925,22.46800205,8.58661898,88.98404582,0.657393286,0.497234516,0.416194362,0.668120993,1.683018366,0,3.960071921,1.200145199,37.5507,126.988,132.118,0.5931,5629.704102,32.8
3,29.8,24.6,43.9977417,86.22172546,33.06501015,24.79076474,4.817609111,12.82045334,0.236477711,0.15749258,0.219181135,0.081821709,0,0,0,0,37.5776,127.058,33.3068,0.2661,5422.421387,32.5
12,33.3,23.7,42.29761887,74.85728455,32.38469627,24.13194175,8.062502186,24.64452569,0.040081721,0.013149446,0.196573354,0.079313786,0,0,0,0,37.5507,126.988,132.118,0.5931,5609.790039,32.5
6,29.8,25.6,30.1259613,88.03003693,31.08299574,22.94265726,6.127101908,62.14052002,0.12713083,0.064488603,0.017348731,0.033865042,0,0,0,0,37.5102,127.042,54.6384,0.1457,4690.65625,31.9
11,27.7,24.2,57.95459366,93.34854126,31.10052311,24.83828006,7.298551738,38.97590709,0.90672791,0.641792413,0.453895619,0.422024874,1.974346148,0.001494407,0,0,37.5372,127.085,28.7,0.6233,5795.268066,27
24,34.6,27.1,72.04327393,94.05197144,30.67521768,24.91468654,6.264050027,63.32231537,0.547230327,0.737637887,0.727812618,0.399330885,7.283675772,3.246762738,0.127044968,0,37.5237,126.909,17.2956,0.2223,5225.286621,34.3
10,30.7,26.2,65.09745789,97.08557892,29.9186221,25.22481755,10.31541254,67.6821995,0.181307203,0.480966331,0.25626434,0.452206277,0,0,0.046720569,0.502682429,37.4562,126.955,208.507,5.1782,4879.457031,31.2
18,25.4,23.4,86.65896606,95.92166138,26.415065,23.8607603,6.740378598,45.94734565,0.758345011,0.599640895,0.736981457,0.45649881,0.415084957,0.181410702,0.227073067,0.114213483,37.4832,127.024,56.4448,1.2313,5567.336914,27.4
22,30.6,24,64.72602081,92.12102509,31.45946254,25.8185731,7.978928079,72.45477819,0.370317875,0.645469608,0.379601702,0.137353645,0,0.004871441,0,0,37.5102,127.086,21.9668,0.1332,5360.430176,33.4
3,30.2,22.5,47.53852081,85.52945709,29.69697408,23.55428088,6.269955824,14.450297,0.200518063,0.301900873,0.410574827,0.825652794,0,0,0,0.01125387,37.5776,127.058,33.3068,0.2661,5863.555664,29.6
23,35.6,27.3,42.24528885,68.87041473,33.13108883,25.86636203,6.930277944,110.9237639,0.06771718,0.008520492,0.057415936,0.417550527,0,0,0,0,37.5372,126.891,15.5876,0.1554,4710.883301,33.6
14,32.5,23.9,39.96524429,71.26376343,35.75131981,27.3485949,6.150695642,14.48190655,0.078097955,0.159774224,0.372652305,0.355816906,0,0,0,0,37.4967,126.927,30.968,0.618,5777.453613,35.1
1,26.5,22,64.43536377,90.21347046,26.35799989,22.92967418,6.983066519,58.44547168,0.466561967,0.411626532,0.371863647,0.58892021,0,0,0,0,37.6046,126.991,212.335,2.785,5020.102051,25.4
22,35.7,27.8,57.75185394,84.85132599,33.94786627,28.56976656,5.228653838,100.7525554,0.36437506,0.437943356,0.218703292,0.225137248,0,0,0.435291529,0.004653101,37.5102,127.086,21.9668,0.1332,5282.966309,34.1
1,25.9,18.5,57.16934586,94.24941254,27.26907089,21.18775602,5.563079844,70.46328166,0.101453736,0.112465916,0.421967342,0.121176889,0,0.000384528,0.176446768,0,37.6046,126.991,212.335,2.785,5152.121094,28.3
4,33,24.2,40.34065247,89.29458618,30.98729051,21.36626148,7.216708789,103.9052013,0.055319654,0.000361581,0,0,0,0,0,0,37.645,127.022,45.716,2.5348,5776.879395,34
16,32.6,24.7,48.84463501,86.67181396,32.1407778,25.42908289,6.43113029,90.42328644,0.323892669,0.103458819,0.051877779,0.020157042,0.008262802,0,0,0,37.4697,126.995,82.2912,2.2579,4930.931152,33.7
17,28.4,21.4,53.25206757,93.1713028,33.7559455,23.63994103,4.50997285,94.50238458,0.530969563,0.500588226,0.39339384,0.695149212,0,0,7.822625478,1.286410473,37.6181,127.099,53.4712,0.697,5812.780273,32.6
25,33.6,27.7,37.39812469,71.62013245,35.51005515,26.07805065,7.499491711,11.51654969,0.071953754,0.338744146,0.191472544,0.067020772,0,0,0,0,37.5237,126.97,19.5844,0.2713,5340.794922,35.6
17,26.1,23.7,76.07154083,96.55646515,26.8683074,24.30670528,7.913742602,50.11758256,0.803735731,0.597064926,0.808035359,0.684183956,0.139463829,0.068858176,0.001953125,0,37.6181,127.099,53.4712,0.697,5791.961914,25.4
11,30.5,19.7,32.65659332,84.12814331,30.99004027,21.56609126,5.33457391,54.18228904,0.029555044,0.015179317,0.024831067,0.039429238,0,0,0,0,37.5372,127.085,28.7,0.6233,4506.012207,31.3
18,24.1,19.2,42.47201157,77.93883514,25.98738589,17.97288992,9.792919715,110.3786945,0.321474284,0.044554136,0.201257238,0.139384242,0,0,0,0,37.4832,127.024,56.4448,1.2313,4475.678711,28.6
6,29.4,25,51.82731247,84.19239044,31.13818166,24.43431699,5.680318087,44.4266092,0.173561081,0.030131448,0.377003198,0.361385646,0,0,0,0,37.5102,127.042,54.6384,0.1457,5519.032715,31.9
14,34.3,26.2,36.92306137,73.81317902,37.13613868,28.19712998,6.912122329,23.076244,0.03774373,0.036873341,0.022372502,0.067228753,0,0,0,0,37.4967,126.927,30.968,0.618,5313.929199,36.2
13,31.6,27,45.27681351,84.06231689,32.94913483,26.9548134,7.955724756,37.36677063,0.271935065,0.151098297,0.336491841,0.068683765,0.010647373,0,0,0,37.5776,127.083,59.8324,2.6865,5523.393066,32.9
7,35.1,26.1,84.94107056,96.16200256,27.49284962,24.29121364,6.134591142,80.84593741,0.53137524,0.774827614,0.7229751,0.362628235,2.137595773,2.03629338,0.122408629,0,37.5776,126.838,12.37,0.0985,5225.844238,33.5
4,31.6,22.3,77.27918243,97.54071045,28.4269794,23.15546041,6.57111456,84.76393295,0.195616641,0.268912233,0.144949854,0.030877259,0,0,0,0,37.645,127.022,45.716,2.5348,5765.659668,32.2
19,33.2,23.7,49.00317001,82.66187286,33.42492726,26.06719345,5.818877965,63.67271648,0.007019604,0.033169075,0.025504454,0.11773374,0,0,0,0,37.5776,126.938,75.0924,1.7678,5692.742676,34
22,29,23.1,48.91342163,90.62117004,30.2094494,21.34158632,8.337131759,91.60378091,0.233476733,0.231486392,0.034951501,9.69e-07,0,0,0,0,37.5102,127.086,21.9668,0.1332,5841.537598,32.5
13,31.5,26.3,63.10882187,86.57404327,31.73411061,27.00976589,7.649418811,28.81042385,0.228334207,0.231374046,0.207708782,0.191983664,0,0,0.033994012,0,37.5776,127.083,59.8324,2.6865,5310.041992,30.7
17,30.6,25,63.06859207,95.88278961,31.38263019,23.48200791,6.724780262,96.6552186,0.729256399,0.670129256,0.495912545,0.586546353,0.896105447,7.358678261,0.003426674,0.276499887,37.6181,127.099,53.4712,0.697,5474.735352,28
19,24.9,18.4,37.75353241,92.75882721,28.23319371,20.85064011,7.222730974,37.69551663,0.241558696,0.212594714,0.040631964,0.036496556,0,0,0,0,37.5776,126.938,75.0924,1.7678,4650.964355,29.8
13,26.6,24.1,71.38240814,91.66793823,27.20878725,24.7591252,5.227693419,25.31644845,0.631317731,0.649179399,0.589652773,0.448361771,0.291403227,0.072253422,0,0,37.5776,127.083,59.8324,2.6865,5686.350098,26.6
6,30.5,20.9,66.27981567,87.20005035,30.17264409,23.44504866,7.85158211,37.16331649,0.129971636,0.49457903,0.397041432,0.7788579,0,0,0,0.047192981,37.5102,127.042,54.6384,0.1457,5855.803223,28.3
11,28.2,23,63.64530563,89.12463379,31.43344114,25.64653322,6.574837307,35.26222456,0.412453883,0.516177722,0.46825383,0.431811216,0,0,0,0,37.5372,127.085,28.7,0.6233,5708.97998,28.9
21,29.7,21.3,39.71408463,88.33021545,32.01404345,22.71970775,5.885936489,17.85044156,0.017925516,0.026609314,0.273754463,0.268902315,0,0,0,0,37.5507,127.04,26.298,0.5721,5508.149414,30.8
13,24.8,22.2,36.1809082,84.22496033,31.4584195,20.79259149,5.866505196,32.51423009,0.388126822,0.202979092,0.17079777,0.165811599,0,0,0,0,37.5776,127.083,59.8324,2.6865,5842.81543,32.5
13,28.7,25.4,72.48503113,90.04698181,26.85213672,24.41746266,5.184590201,41.00091807,0.591173781,0.565979758,0.798447176,0.682206025,0.106081863,0.727649736,0,0,37.5776,127.083,59.8324,2.6865,5502.168457,26.4
21,29.7,21.8,45.26146698,86.85536194,32.96608511,24.67567326,7.613359729,12.38594893,0.239150053,0.191919719,0.095679767,0.063725637,0,0,0,0,37.5507,127.04,26.298,0.5721,5673.222656,30.1
5,25.8,22.8,88.56776428,96.42157745,26.39240137,23.99138171,7.535354495,45.00916473,0.795752219,0.590809238,0.730279249,0.548379396,0.418255099,0.259923306,0.141846721,0.062965531,37.5507,127.135,35.038,0.5055,5566.146973,27
19,29.1,22,52.89715195,89.80819702,28.61599485,22.86736529,7.587070545,38.22995297,0.306474621,0.178155659,0.002252808,0.015602306,0,0,0,0,37.5776,126.938,75.0924,1.7678,5779.14209,31.3
1,26.1,20.9,38.01366043,93.60695648,29.06906618,21.0869042,6.686059942,88.1373714,0.551385035,0.594851905,0.191733799,0.097235772,0,0.338808954,0,0,37.6046,126.991,212.335,2.785,5961.377441,27.4
2,30.5,20.7,53.95939255,87.84000397,29.70558667,23.07586289,5.676151087,45.92769456,0.26222292,0.511886363,0.241294404,0.196137126,0,0.050395068,0.031711921,0,37.6046,127.032,44.7624,0.5141,5740.896484,31.1
16,28.5,22,51.69801331,91.04749298,33.82281032,24.26066832,5.704950929,78.78818734,0.513732923,0.311803114,0.344337038,0.667464052,0.009617785,0,0.287767887,0.03217191,37.4697,126.995,82.2912,2.2579,5799.178711,33.4
11,29.7,23.8,75.21547699,89.24144745,27.53712362,25.00481266,10.38198386,25.66348267,0.496485584,0.641737971,0.607722265,0.612991551,0.001733788,0,0.003441664,0.002378148,37.5372,127.085,28.7,0.6233,5723.078613,30.5
23,32.6,26.8,65.44898224,92.25993347,30.97938834,25.67745995,6.551054885,78.72607215,0.471711633,0.436111406,0.065975346,0.137985139,0.022571631,0,0,0,37.5372,126.891,15.5876,0.1554,5335.052246,33.3
22,27.2,23.5,47.6831131,91.70595551,27.8134274,24.23833,7.305628975,82.66289139,0.146560268,0.134787031,0.063409046,0.178572631,0,0,0.004878139,0,37.5102,127.086,21.9668,0.1332,4481.518555,30.1
20,29.6,19.1,52.83633041,91.46760559,27.01773928,19.99323752,6.835329582,82.86952873,0.039349067,0.035444597,0.262256761,0.199214426,0,0,0,0.313704559,37.6181,127.004,146.554,4.7296,4632.916992,29.8
4,32.2,26.4,64.91132355,91.73743439,28.9444839,24.50404213,5.862176448,103.4547577,0.345880005,0.407272068,0.218534461,0.05097838,0,0,0,0,37.645,127.022,45.716,2.5348,4679.124512,34
24,30.9,23.3,51.60772324,92.86273956,28.96811357,22.22444926,5.817542215,61.27481198,0.850641883,0.413538188,0.382542073,0.077035401,0.614849011,0.226191468,0,0,37.5237,126.909,17.2956,0.2223,5474.605957,29.7
7,30.2,21.8,66.59473419,97.10128021,29.08109662,21.76047346,5.607288977,111.8637325,0.33863808,0.287041572,0.081082367,0.085582894,0,0,0,0,37.5776,126.838,12.37,0.0985,5816.495605,30.7
1,31.8,23.2,46.92327881,80.69651031,30.97096491,22.98658801,7.869657973,138.4170963,0.023685792,0.001445759,0.078139715,0.300255709,0,0,0,0,37.6046,126.991,212.335,2.785,4879.562012,30.5
4,31.7,25.3,79.95402527,94.21290588,27.24796943,24.72012853,4.507391572,57.71327913,0.414322171,0.384239884,0.509110999,0.432017715,0,0,0,0,37.645,127.022,45.716,2.5348,5176.915039,26
22,28,25.7,47.73147964,88.78366089,33.38013763,25.70945763,5.568819235,89.57657448,0.206987692,0.342324592,0.192146375,0.063128412,0,0,0,0,37.5102,127.086,21.9668,0.1332,5560.20166,35.9
1,23.7,22.8,72.34819031,99.46170044,26.10400991,21.99994395,15.61014056,68.7544243,0.746191582,0.480966362,0.140291777,0.279046413,2.739077278,0.161582741,0,0,37.6046,126.991,212.335,2.785,5728.64502,25.7
18,36.2,28.2,45.01935577,87.2831955,34.93151552,26.05351521,6.151489755,115.5118625,0.068420429,0.015079373,0.178239191,0.349652788,0,0,0,0.005067826,37.4832,127.024,56.4448,1.2313,5202.184082,37.6
3,33.8,25.2,59.27487564,92.56749725,29.0221953,23.19501504,4.411017309,68.84856856,0.800390765,0.432755526,0.775200619,0.496366558,1.32053862,0.003081266,0.229707628,0.467222461,37.5776,127.058,33.3068,0.2661,5760.659668,30.4
19,31.2,27.3,46.88344574,91.39226532,32.7289895,25.19877706,8.349208097,67.38729982,0.68354713,0.298850653,0.004419474,0,13.93046903,0,0,0,37.5776,126.938,75.0924,1.7678,5220.168945,30
25,30.3,24.3,34.8614502,73.79940796,32.80498176,23.34184209,5.403559566,18.93424547,0.217054139,0.022502148,0.045816304,0.179063257,0,0,0,0,37.5237,126.97,19.5844,0.2713,4754.673828,32.8
11,26.7,20.4,66.2853775,89.2457428,27.8994372,22.26310126,6.633602877,40.57088327,0.572764462,0.266446583,0.29065136,0.31974015,0.390521782,0,0,0,37.5372,127.085,28.7,0.6233,4975.310547,28.2
5,27.5,21.9,87.28938293,94.25202179,25.16853371,22.2667159,6.877615333,51.35031319,0.753506127,0.763960783,0.927421413,0.726199684,0.240052745,0.861207108,5.152187023,0.21230795,37.5507,127.135,35.038,0.5055,4857.075195,25
23,29.7,25.1,71.35945129,90.68559265,30.35234157,25.86616888,8.248109619,63.17593503,0.29796485,0.546311623,0.090684634,0.120390103,0,0.001599229,0,0,37.5372,126.891,15.5876,0.1554,5454.85498,35.1
21,32.1,24.6,42.98906326,70.17315674,33.30827298,25.82099102,7.052062194,21.5780764,0.451054667,0.362229613,0.199023894,0.061209434,0.027463045,0,0,0,37.5507,127.04,26.298,0.5721,5623.480469,31.6
5,26.8,23,82.70937347,96.52519989,27.45664256,23.7669651,7.565885305,57.52373219,0.790434553,0.870960343,0.737538774,0.582609961,9.107361317,6.813652317,0.000669999,0,37.5507,127.135,35.038,0.5055,5716.302246,28.4
13,32.2,23.9,69.01460266,91.38489532,28.88482104,23.85117848,7.238453766,51.87145205,0.918160922,0.769184208,0.636067048,0.804511867,4.569121947,3.373972047,0,0.189379178,37.5776,127.083,59.8324,2.6865,5502.168457,27.2
15,35.1,27.2,47.24432755,79.85177612,34.79832323,26.7772603,6.367438018,56.88977607,0.042698772,0.003320438,0.180370341,0.0818338,0,0.011721292,0.275867919,0,37.5507,126.937,30.0464,0.8552,5277.600586,35.1
11,33.6,26,41.44121933,82.65852356,33.52770258,26.21808783,6.368185361,73.78526696,0.345314746,0.151127837,0.307998041,0.077888879,0.006363234,0,0.668340885,0.203587691,37.5372,127.085,28.7,0.6233,4975.310547,35.1
24,31.5,24.2,54.76128387,84.52183533,28.41121584,22.82138722,7.302513858,45.33330862,0.133067962,0.21193451,0.275725338,0.132384107,0,0,0,0,37.5237,126.909,17.2956,0.2223,5707.32959,31.9
19,32.4,25.2,57.07504654,78.40272522,29.74486907,26.18603988,7.365447064,44.8172098,0.539423874,0.757747264,0.621965571,0.569400478,0.00728794,0.359512485,0.407394012,0,37.5776,126.938,75.0924,1.7678,5623.189941,31.7
4,31.6,23.6,61.61335373,90.01595306,29.78312068,22.67264754,5.051048934,124.7771111,0.270326897,0.09741027,0.429610425,0.197913782,0,0,0,0,37.645,127.022,45.716,2.5348,5118.115234,31.8
10,27.4,23.6,61.00059509,97.14906311,27.08953997,22.74428708,10.49903731,82.58286945,0.935246792,0.721193594,0.180928332,0.351945217,7.06249101,1.255958846,0,0,37.4562,126.955,208.507,5.1782,5611.352539,24.7
19,33.5,25,63.21986008,83.13431549,31.62031752,26.83134034,6.951445103,50.42135771,0.314684711,0.402249066,0.368750842,0.363544391,0,0,0,0,37.5776,126.938,75.0924,1.7678,5676.257813,32.5
21,29.6,24.8,48.89154434,86.57156372,32.38800187,25.30799793,6.812826122,17.26167591,0.106030914,0.143327024,0.098609419,0.236004116,0.001953125,0,0,0,37.5507,127.04,26.298,0.5721,5657.239258,32.2
14,30,21.3,59.64967346,93.40479279,29.9446255,23.71844291,7.617878278,40.23738066,0.03059486,0.107271856,0.712580937,0.798884293,0,0,0.06445557,7.337366338,37.4967,126.927,30.968,0.618,5816.779785,29.3
13,35,27.2,39.11987686,77.51902008,34.84807399,25.64683224,5.493859669,57.30204725,0.00083212,0.023651262,0.140852716,0.077102801,0,0,0.002706873,0,37.5776,127.083,59.8324,2.6865,4741.140137,35.5
23,33,23.9,53.62675476,88.01753235,32.17839699,25.37417379,6.543948362,96.51879072,0.010883176,0.021010466,0.125772342,0.329632054,0,0,0,0.079923604,37.5372,126.891,15.5876,0.1554,5818.678711,34.5
4,25.7,17.9,38.50514984,91.7808075,21.77792383,15.34099209,13.89428445,158.7822517,0.344504114,0.088125164,0.052090384,0.10288928,0,0,0,0,37.645,127.022,45.716,2.5348,4527.242188,23.7
11,30.6,24,51.20962143,71.70270538,28.12971396,23.78026432,6.175103088,49.77678792,0.378361332,0.482882696,0.594146606,0.651580828,0,0,0,0.0303488,37.5372,127.085,28.7,0.6233,5723.078613,28.3
19,29.1,23.4,46.29429626,85.68294525,31.77008762,25.13286161,5.289332042,41.74667772,0.369760961,0.243854473,0.216083807,0.221621681,0,0.000797662,0,0,37.5776,126.938,75.0924,1.7678,5659.175293,31.3
23,32.4,24,43.64128494,91.26573181,26.52601846,22.17244029,9.377447267,110.2262562,0.791143184,0.620262778,0.315605485,0.162013735,0.503850778,0.004339927,0,0,37.5372,126.891,15.5876,0.1554,4599.294922,28.6
7,28.9,23.5,45.95772171,89.09732819,30.07539438,21.95317266,4.715971142,119.2577207,0.18389294,0.004377252,0.006909921,0.145114761,0,0,0,0,37.5776,126.838,12.37,0.0985,4744.449219,31.8
11,31.2,23.3,50.27095795,80.46395874,29.52996688,23.71940874,6.089370459,47.99444604,0.137296837,0.222184519,0.35648325,0.000558178,0,0,0.02324911,0,37.5372,127.085,28.7,0.6233,4583.642578,32.1
4,30.3,25,84.07653046,99.51161194,27.81868124,23.77465128,5.120275969,44.09680668,0.689147802,0.420991747,0.509395101,0.303115091,0.630394737,0.028198576,3.048870578,0.4571573,37.645,127.022,45.716,2.5348,5340.643555,30
4,33.8,25.6,68.38376617,91.55023956,29.25934575,23.9762681,6.716595978,84.94631251,0.397780331,0.740239676,0.52504102,0.559798542,0.004224413,0.368560058,1.007261952,0,37.645,127.022,45.716,2.5348,5583.532715,31.4
12,27.9,22.1,50.53188324,88.0965271,28.70371569,22.66163608,8.565542599,25.24907734,0.296314099,0.25175835,0.02983955,0.135277092,0,0,0,0,37.5507,126.988,132.118,0.5931,5629.704102,31.2
21,27.4,23.9,45.6414566,92.22025299,33.10469337,24.35748596,7.068856607,24.43279962,0.800449434,0.446227013,0.178452265,0.052016235,0.118729455,0.014026512,0,0,37.5507,127.04,26.298,0.5721,5834.452148,30.4
22,34.1,27,64.20562744,89.03997803,29.51560244,25.56747834,5.170483331,76.27660592,0.27271528,0.356507071,0.497332439,0.451052447,0,0,0,0,37.5102,127.086,21.9668,0.1332,5228.34668,31.5
22,31,22.5,72.78609467,92.69016266,26.91269539,22.53530715,3.981531441,50.17569931,0.415156913,0.759758142,0.712936157,0.626849172,0.033601863,0.142451512,0.440260589,0,37.5102,127.086,21.9668,0.1332,4954.191406,26.1
6,32.7,27.6,62.09101868,93.77047729,29.33045953,25.46980027,4.635127952,66.83706546,0.811009132,0.922420104,0.764486647,0.121350163,7.19543882,2.322145158,0.459278596,0,37.5102,127.042,54.6384,0.1457,4764.229492,29.9
6,23.4,19,41.79841995,70.21379089,22.94217296,16.55830417,4.219434937,40.22411366,0.572254398,0.656241576,0.485483098,0.135496858,0,0,0,0,37.5102,127.042,54.6384,0.1457,4498.840332,23.6
19,31.4,22.8,57.55596161,83.17874146,31.43938963,26.06298296,7.349233001,60.61907093,0.087677983,0.022644527,0.025294192,0.205584333,0,0,0,0,37.5776,126.938,75.0924,1.7678,5779.14209,33.2
17,24,21.5,78.00978088,94.44776154,28.45247038,23.24835803,9.038551092,58.07913609,0.713551181,0.639300196,0.556718824,0.460933064,2.785689826,0.272965769,4.725632926,0,37.6181,127.099,53.4712,0.697,4836.728027,28.1
21,25.3,22.3,82.88043213,94.24546814,26.96779075,24.52124641,7.653132041,41.65376735,0.801967836,0.624266249,0.734253185,0.561138932,0.404025996,0.80394161,0.086532137,0.061377139,37.5507,127.04,26.298,0.5721,5568.829102,26.3
20,28.4,20.3,44.12380981,90.30231476,28.43847588,18.83609535,6.590938061,83.47876623,0.082958337,0.071159282,0.270006496,0.253919455,0,0,1.108558918,0,37.6181,127.004,146.554,4.7296,5900.489746,31.3
14,29,25,80.00045776,92.50760651,27.79721426,25.22127485,10.11511338,36.19515536,0.743734057,0.862251485,0.683602857,0.6435563,0,10.13323478,0,0,37.4967,126.927,30.968,0.618,5807.829102,28.8
6,28.3,24.4,46.20704269,85.94274139,33.5499698,24.10889815,4.907580475,52.10219367,0.436458835,0.313279387,0.031927304,0.117358376,0,0,0,0,37.5102,127.042,54.6384,0.1457,5428.76123,34.2
6,26.9,23.1,47.07793045,95.00884247,29.5102384,22.595924,4.997554084,54.47296222,0.785864287,0.594522792,0.259601917,0.296700649,0.042973801,0.2561862,0,0.049174465,37.5102,127.042,54.6384,0.1457,5275.238281,27.8
15,30.9,23.3,50.82813644,77.7614212,29.3335234,24.63403285,7.510609428,19.0132035,0.122431676,0.330750456,0.482064365,0.693629542,0,0,0,0,37.5507,126.937,30.0464,0.8552,5105.529785,27.7
14,28.5,23.4,41.21593094,78.87254334,28.45312618,21.920827,8.038477341,15.33715653,0.221876426,0.18786116,0.235796707,0.262725016,0,0,0,0,37.4967,126.927,30.968,0.618,4445.691406,28
12,32,21.7,43.01454544,82.49273682,31.84209179,24.21427538,6.543786148,28.95932031,0.134242014,0.076725475,0.153370822,0.125952886,0,0,0,0,37.5507,126.988,132.118,0.5931,5085.084961,30.9
20,32.7,26.9,75.71113586,99.02169037,30.19417181,26.33412425,12.32481921,64.50942878,0.496991114,0.469940424,0.131673543,0.15508038,0.220588345,0.000152307,0,0,37.6181,127.004,146.554,4.7296,5299.466797,31.5
17,31.1,22.6,55.9426918,88.07598877,31.48902301,23.63519376,4.970528543,100.8528022,0.219256072,0.448519905,0.283723858,0.349632127,0,0,0.008278675,0,37.6181,127.099,53.4712,0.697,5616.77002,32.9
23,33.2,28.3,54.49142838,78.95667267,32.10382818,27.77612705,6.548288246,84.1022555,0.571965139,0.34978771,0.353557125,0.521117622,0.046952799,0,0,0,37.5372,126.891,15.5876,0.1554,4818.54248,36.4
21,28.4,20.5,28.85967636,78.47422028,28.6126193,20.29135974,8.263219804,14.61423302,0.008416625,0,0.014331409,8.72e-07,0,0,0,0,37.5507,127.04,26.298,0.5721,5848.048828,28
22,29.3,21.4,44.94104004,91.05201721,30.42267676,23.17426013,4.799427966,62.19152697,0.148594531,0.145047264,0.423901108,0.195455388,0,0,0.00140372,0,37.5102,127.086,21.9668,0.1332,4987.023438,31.1
7,31.1,26.4,64.42378235,92.67369843,29.94427931,26.05307942,7.786771685,123.8760631,0.196592447,0.161034041,0.311776838,0.129634184,0,0,0,0,37.5776,126.838,12.37,0.0985,5517.044434,31.2
6,30.7,22.9,67.40842438,89.31942749,28.55926225,24.10842072,10.54894833,63.7008547,0.252687108,0.584061338,0.701403586,0.271906409,0,0.197509537,1.154973655,0,37.5102,127.042,54.6384,0.1457,4538.213867,27.5
9,28.2,24.6,62.78768158,94.86961365,26.88250032,21.58775048,5.408589532,85.25466053,0.959129896,0.590399942,0.267736741,0.074118963,4.893330991,0.448365121,0,0,37.4967,126.826,50.9312,0.4125,4846.185547,29.3
10,31.6,24.3,60.89542389,91.18232727,32.02875292,26.29499781,10.6153359,61.84004466,0.278651287,0.256554106,0.052218135,0.007376153,0,0,0,0,37.4562,126.955,208.507,5.1782,5209.735352,32.8
10,26.1,24.6,69.51412201,97.83852386,26.26763766,22.00911656,13.80900149,66.62641994,0.673022753,0.507427625,0.142310554,0.212803947,1.494283474,1.14514075,0,0,37.4562,126.955,208.507,5.1782,5591.03418,26.8
12,30.9,20.2,41.9104538,65.81123352,30.7554893,23.02955806,7.44107612,29.43176556,0.020153578,0.125636423,0.488178902,0.314122871,0,0,0.000524753,0,37.5507,126.988,132.118,0.5931,5899.087402,28.9
7,32.6,23.4,52.54767609,92.80984497,30.62535797,22.83346408,4.994559487,142.648698,0.246013524,0.200933797,0.212138948,0.30445986,0,0,0,0,37.5776,126.838,12.37,0.0985,5768.986328,32.9
22,27.5,19.8,46.84338379,91.47058868,30.33471909,22.5454483,6.537525654,83.08131766,0.251430999,0.145341103,0.020748616,0.053375444,0,0,0,0,37.5102,127.086,21.9668,0.1332,5112.584961,31.5
6,25.6,23.8,50.71074677,82.72268677,32.9046315,25.29628756,7.372089883,58.59489051,0.312781242,0.148328003,0.143742345,0.255978371,0,0,0,0,37.5102,127.042,54.6384,0.1457,5161.604004,32.1
18,30.4,21.8,41.74847794,85.01377106,31.120419,21.44810388,6.051671445,85.65760525,0.02348879,0.046162982,0.179012712,0.079081604,0,0,0.010505733,0,37.4832,127.024,56.4448,1.2313,5864.952637,32.8
18,31.4,26.5,76.45570374,94.13320923,30.97141954,26.10698638,6.763023287,60.21648218,0.231775227,0.302323749,0.39844664,0.14601441,0,0.272584677,0.053209441,0,37.4832,127.024,56.4448,1.2313,5286.085938,29.1
7,27.9,24.9,69.1762619,87.143013,25.78717086,22.18960587,6.914631744,99.00437689,0.657620682,0.457784689,0.689139001,0.723972178,0.094232033,0,0,0.001800445,37.5776,126.838,12.37,0.0985,5048.708496,26.7
3,32.6,27.5,57.65456772,82.2905426,32.23517637,28.16109591,7.040675402,11.14829552,0.44592707,0.466479393,0.490089551,0.352457988,0,0,0,0,37.5776,127.058,33.3068,0.2661,5627.421875,32.4
7,31.6,23,77.67289734,94.51862335,26.03678666,23.20707721,7.236755252,91.9331789,0.107328171,0.386655787,0.53115501,0.447967855,0,0,0,0,37.5776,126.838,12.37,0.0985,5757.716309,29
18,36.7,26.4,51.49027634,85.11270905,32.65114671,25.18054135,5.301401277,103.1577555,0.052067443,0.119569043,0.257271648,0.304737227,0,0,0.001937123,1.169094523,37.4832,127.024,56.4448,1.2313,4885.207031,36.8
19,31.5,26.5,60.8569603,93.7579422,30.98216649,26.37263481,8.697659731,52.56063284,0.245887967,0.546125727,0.295373407,0.55679678,0,0,0.011507676,2.027477561,37.5776,126.938,75.0924,1.7678,4971.731445,31.8
18,29,24,79.04933167,91.55762482,28.11501734,25.15769488,9.825239817,60.5406336,0.728915273,0.78598111,0.643350188,0.646317819,0.008846598,7.196419636,0,0,37.4832,127.024,56.4448,1.2313,5813.991211,30.2
19,29.9,24.1,62.14976883,91.24935913,30.0754872,24.84287599,5.873839776,46.07947278,0.597338027,0.640579915,0.243497829,0.172790415,0.80018576,0.00012966,0,0,37.5776,126.938,75.0924,1.7678,5676.257813,29.2
22,29.8,24.1,74.3081131,92.39588928,28.4825446,24.93676096,3.688808312,49.40880124,0.601730106,0.421812034,0.43745711,0.342263569,0.386809675,0.028404371,0.008678579,0.246116212,37.5102,127.086,21.9668,0.1332,5335.196289,29.3
21,33.1,25.9,44.09204865,81.17081451,32.63112948,27.67583283,6.250422508,12.31828266,0.138730189,0.151166826,0.224392418,0.026492243,0,0,0,0,37.5507,127.04,26.298,0.5721,5062.609375,32.8
17,31.2,18.5,47.59865952,91.94361115,31.90228365,21.92491483,4.894487659,155.1135669,0.050368249,0.176585916,0.24670102,0.26971435,0,0,0,0,37.6181,127.099,53.4712,0.697,5651.999512,32.6
18,31.9,24.1,67.69382477,87.26283264,26.84698504,23.76971176,4.127048512,43.46807981,0.333263663,0.71595403,0.527999914,0.631839858,0.009951415,0.604681483,0,0,37.4832,127.024,56.4448,1.2313,4986.401367,33.1
25,32.2,27.6,60.62649536,84.56495667,32.10920923,27.90320314,6.822867095,8.000933091,0.470678008,0.490848576,0.510751234,0.326100597,0,0,0,0,37.5237,126.97,19.5844,0.2713,5619.105957,33
5,26.7,23.5,59.94117355,96.97054291,30.58476957,24.78545194,7.989755174,108.5786595,0.532799584,0.251442575,0.141894741,0.086939961,3.16309015,0,0,0,37.5507,127.135,35.038,0.5055,5483.246094,30.9
6,31.8,22.5,38.89156723,70.56755829,31.50409862,23.22952158,6.590795577,58.70011322,0.013399816,0.138637858,0.59634767,0.304537182,0,0,0.02534315,0.00740315,37.5102,127.042,54.6384,0.1457,5848.636719,30.3
5,30.6,24.3,56.04447174,83.4356842,31.45549485,24.35237504,5.482568453,104.3436529,0.165990047,0.508173581,0.307994114,0.39863719,0,0,0.015919297,0,37.5507,127.135,35.038,0.5055,5603.330078,33.1
15,31.8,23.5,56.79942703,88.15479279,29.56190586,25.72250266,8.418866624,23.54314025,0.3634296,0.631905477,0.718631944,0.546693364,0,0.175081159,0,0.011124006,37.5507,126.937,30.0464,0.8552,4772.682617,31
21,30.9,23.1,32.63936615,68.66692352,32.74398715,24.42785649,6.79551062,15.66479383,0.04304867,0.001626559,0.003455816,0,0,0,0,0,37.5507,127.04,26.298,0.5721,4649.458496,32.3
16,29.3,25.4,70.41147614,93.38755035,29.14869493,26.03531285,4.91208759,56.75989807,0.700346107,0.655960447,0.491243246,0.295313409,3.407185064,0.16888027,0.653731272,0,37.4697,126.995,82.2912,2.2579,5536.100586,31.9
18,31.7,23.5,59.59674072,85.83154297,28.01649401,23.37335961,6.400449495,82.4304177,0.07030544,0.353972972,0.441185027,0.661382342,0,0,0,0,37.4832,127.024,56.4448,1.2313,5082.563477,28.5
10,30.2,25,73.36914825,97.59362793,27.13211555,24.4142594,8.920839528,39.3700734,0.773069394,0.779388132,0.747984353,0.590773906,0.048673553,5.316734711,0.50048532,0.015235201,37.4562,126.955,208.507,5.1782,5570.72168,29.4
20,29.7,20.2,70.8861618,96.62612152,24.52922847,22.43322558,10.44252835,93.19862401,0.478770032,0.415141797,0.538359533,0.676106112,0,0.000275876,0.289995356,0.833846964,37.6181,127.004,146.554,4.7296,4782.768555,28.1
9,35.1,25.4,82.4953537,96.46115875,28.66607305,23.77740121,5.9751242,49.16186706,0.609979397,0.766669197,0.736332132,0.364403024,3.15206337,3.145597661,0.099629368,0,37.4967,126.826,50.9312,0.4125,5255.568848,34.4
6,26.8,20.8,64.79071045,88.93386841,28.08364157,22.25935625,6.76282684,46.5617516,0.496469502,0.224900407,0.251515264,0.266675438,0.381559567,0,0,0,37.5102,127.042,54.6384,0.1457,4972.712891,28.5
2,28.2,21.8,50.03740311,89.69857025,31.81379388,23.32046668,6.826096078,74.90943189,0.776468404,0.102498937,0.204849663,0.151955928,3.276951273,0,0,0,37.6046,127.032,44.7624,0.5141,5851.499512,32
20,29.1,23.8,65.33420563,98.86766815,25.84599735,22.09198619,7.927441428,87.5507131,0.445015999,0.528650922,0.131361262,0.000524404,0.00683559,0.51479309,0.010301024,0,37.6181,127.004,146.554,4.7296,5610.561035,29.4
4,28.2,24.1,93.27786255,98.72283936,24.46651482,22.1071941,12.90879416,101.583381,0.719790443,0.369765894,0.646712079,0.646805031,3.473906954,0.862515117,0.410820047,2.111757507,37.645,127.022,45.716,2.5348,5753.800293,24.7
5,31.9,25.4,56.01522827,86.34626007,30.85410398,25.2658971,4.419772744,115.5565696,0.410661621,0.411925892,0.231505774,0.106416373,0,0,0,0,37.5507,127.135,35.038,0.5055,4677.062012,33.1
21,25.7,23.9,48.02544022,82.84005737,34.09274022,25.2328172,7.642392457,10.43871667,0.30479433,0.151805871,0.132304122,0.275480672,0,0,0,0,37.5507,127.04,26.298,0.5721,5153.790039,32.2
12,32.9,24.2,62.75759506,92.53033447,27.69196597,23.16118258,4.916066925,62.96488126,0.768895432,0.381519995,0.659293309,0.462421234,0.553426146,0,0.233251678,0.306278901,37.5507,126.988,132.118,0.5931,5820.04248,30.9
1,26.2,22.3,93.71872711,98.7361908,24.71477533,23.80674266,13.3839198,24.08639373,0.818817092,0.925857312,0.566394861,0.597514802,0.115703162,4.070562184,0.123219305,0.000689888,37.6046,126.991,212.335,2.785,5746.562988,23.8
12,29.4,22.1,41.97051239,89.18885803,30.83551962,22.71633316,8.570559859,39.73798045,0.233540778,0.183599396,0.221245601,0.151923236,0.00661396,0,0,0,37.5507,126.988,132.118,0.5931,5794.26709,31
24,33,24.6,40.69186783,71.14382172,35.39515272,27.50665454,5.966301958,44.62114414,0.110950472,0.149323256,0.303058857,0.347030677,0.009136286,0,0.000863546,0,37.5237,126.909,17.2956,0.2223,5769.862305,34.9
11,31,22.9,56.2020874,85.06109619,28.58072726,22.61256734,7.63040476,51.30340226,0.330227405,0.344133813,0.561697307,0.467135617,0,0.001753713,0.043389186,0.233064819,37.5372,127.085,28.7,0.6233,5190.547852,27.7
7,32.7,27.9,51.4264183,87.23571014,32.35268221,25.97625506,6.11779362,175.8670449,0.074893393,0.299171632,0.170300312,0.077968771,0,0,0,0,37.5776,126.838,12.37,0.0985,5332.515625,35.7
13,28.1,22.9,80.07137299,91.42177582,25.92017678,22.43051941,6.376364966,46.19077444,0.738260199,0.752898648,0.883308965,0.7473004,0.098887706,0.74240895,5.32755587,0.286414004,37.5776,127.083,59.8324,2.6865,4848.42334,25.6
10,28.6,21.6,55.84825134,92.35749054,27.36882309,22.25288294,7.052800834,54.97618751,0.546287154,0.336314318,0.492696585,0.506336504,0.020839771,0,0,0,37.4562,126.955,208.507,5.1782,5764.948242,27.9
11,25.5,20.1,65.99415588,95.2350769,25.76011556,20.91657065,5.781465878,46.67916044,0.849593014,0.623084234,0.319241512,0.237232067,1.014716109,0.161155103,0.002255362,0,37.5372,127.085,28.7,0.6233,5823.45459,27.4
11,34.5,25.5,42.02881622,80.85081482,35.8098107,26.91893258,5.046400378,74.99832916,0.029382605,0.003816998,0.081084085,0.275774568,0,0,0.133129517,0.011699737,37.5372,127.085,28.7,0.6233,5274.280762,36
21,30.1,23,58.36115646,81.58815765,31.23520036,25.70805286,9.3999149,10.37927411,0.180041902,0.358908906,0.178090493,0.377281807,0,0,0,0,37.5507,127.04,26.298,0.5721,5657.239258,30.3
14,29,24.2,46.61928558,90.27272797,31.305969,24.72386338,7.949850778,15.12974977,0.28815732,0.115936208,0.092836985,0.158952423,0,0,0,0,37.4967,126.927,30.968,0.618,5313.929199,29.7
19,27.5,23.3,54.24977875,77.79007721,28.85088373,22.59606384,6.370103836,42.32647157,0.320550914,0.305566767,0.174026072,0.341344145,0,0,0,0.000663712,37.5776,126.938,75.0924,1.7678,4688.676758,30.3
6,30,22.3,47.99312973,87.24330139,32.04682527,24.58810711,7.597567896,46.88571302,0.280830763,0.209167943,0.097393757,0.071613619,0,0,0,0,37.5102,127.042,54.6384,0.1457,5685.702148,30.5
7,33.1,26.1,55.44927216,92.6762619,33.24067427,25.23831142,4.587190886,137.3585116,0.032083466,0.005228865,0.062909501,0.13910922,0,0,0,0,37.5776,126.838,12.37,0.0985,5253.399414,35.2
19,23.2,20.3,52.98465347,90.63916016,28.85143321,20.44301159,4.878434196,42.69681879,0.403287535,0.29016969,0.172774561,0.060930611,0,0,0,0,37.5776,126.938,75.0924,1.7678,5069.371094,29.2
4,27.9,21.4,55.67670441,81.99094391,26.23183667,16.94897156,10.58038121,87.52374387,0.123193367,0.199100219,0.170585114,0.466122695,0,0,0,0.000108805,37.645,127.022,45.716,2.5348,5700.435059,28.8
7,30,23.3,51.35559082,92.25779724,29.62741134,22.62036149,5.472700367,140.3723202,0.117707403,0.054740575,0.033416036,0.04682117,0,0,0,0,37.5776,126.838,12.37,0.0985,5048.708496,31.7
6,23.8,21.6,49.14869308,90.02058411,29.61329512,20.67589977,5.155895342,44.89001274,0.424599074,0.137468974,0.271998778,0.1288049,0.05110947,0,0.00182823,0.016352771,37.5102,127.042,54.6384,0.1457,5037.928223,29.9
17,29.7,24.4,76.1257019,91.91139984,26.61260556,23.64175819,3.444602201,38.32220165,0.228884489,0.640244717,0.722703716,0.794937126,0,0.011184249,0.108770981,0.017044674,37.6181,127.099,53.4712,0.697,5302.347168,26.5
11,30.9,23.9,70.75166321,92.13686371,28.90494244,24.08558018,7.515972495,60.24200018,0.922980694,0.730834386,0.632060937,0.825183774,3.395066688,3.200565249,0,0.134657616,37.5372,127.085,28.7,0.6233,5514.796875,27.2
20,26.3,23.8,64.24790192,98.23594666,29.27475686,23.41502335,11.91112826,81.90767382,0.371869881,0.222123917,0.218907861,0.112270017,0,0,0,0.05874455,37.6181,127.004,146.554,4.7296,5751.265137,29.7
21,28.7,24,82.35496521,92.51557922,27.15254467,25.65747004,9.848386188,33.46282131,0.766854136,0.897005987,0.552069711,0.536651513,0.011632398,3.031612874,0.003446462,0,37.5507,127.04,26.298,0.5721,5605.689453,26.4
13,29.6,24,73.50151062,87.38598633,27.45253883,25.04240105,10.26650825,18.60924284,0.505721337,0.696376884,0.641120395,0.664031431,0,0,0.014221198,0.001353436,37.5776,127.083,59.8324,2.6865,5715.945801,29.8
23,31.6,26.1,45.29172134,75.3104248,33.34417989,26.09966008,6.535622319,85.82589785,0.271888233,0.176714548,0.328143448,0.456338211,0,0,0,0,37.5372,126.891,15.5876,0.1554,5200.321777,32.6
19,31.8,21.6,44.00569534,71.94241333,30.48747151,23.24128092,6.870733112,47.74854771,0.026348035,0.124600574,0.424025611,0.317238546,0,0,0.000558364,0,37.5776,126.938,75.0924,1.7678,5868.875,29.5
4,25.4,20.1,66.0361557,91.34508514,22.65925605,18.49592694,7.539123704,68.54499002,0.375588964,0.349613512,0.380220979,0.280588735,0,0,0.026860918,0.000224136,37.645,127.022,45.716,2.5348,4642.163574,25.4
7,29,24.4,58.98332596,94.39848328,29.38116194,24.08167136,6.136380275,134.9488986,0.23004069,0.117174573,0.076595186,0.173159808,0,0,0,0,37.5776,126.838,12.37,0.0985,5306.734863,29.5
19,33.6,22.3,71.84117126,90.64022064,26.43162235,23.3813486,7.083731552,24.96164735,0.078001267,0.396806174,0.583333271,0.485143849,0,0,0,0,37.5776,126.938,75.0924,1.7678,5803.192871,29.7
4,29.6,25.2,83.21030426,95.84957123,25.65233046,23.12646017,3.380252163,36.7271227,0.221056758,0.639071354,0.720271007,0.759633127,0,0.04796147,0.132838289,0.072772075,37.645,127.022,45.716,2.5348,5288.587402,26.8
16,32.4,24.2,64.15444946,91.65998077,29.90806912,25.30084087,6.92441843,82.31249372,0.213773404,0.312851625,0.152038808,0.028974059,0,0,0,0,37.4697,126.995,82.2912,2.2579,5424.245117,31.6
10,28.7,21.7,53.74554825,89.89706421,29.25474861,22.04670227,6.68599697,60.44796022,0.220522356,0.272913229,0.462178431,0.480357241,0,0,0.880885477,0,37.4562,126.955,208.507,5.1782,4843.271973,27.8
19,29.7,21,50.18208313,78.00600433,28.52594884,20.82003098,5.808964968,41.31402576,0.13024842,0.180040667,0.40901397,0.248102442,0,0,0,0,37.5776,126.938,75.0924,1.7678,4650.964355,28.1
21,30.9,24.9,66.10073853,87.77693939,27.8805386,24.2332835,8.037523866,18.37221174,0.213342257,0.6101335,0.722589999,0.706007015,0,0,0.001483448,0.158556592,37.5507,127.04,26.298,0.5721,5623.480469,28.2
22,27.1,20.5,40.68685913,90.93731689,29.29520801,20.7565228,5.088794609,67.22585328,0.0427641,0.174175708,8.63e-05,0.010085329,0,0,0,0,37.5102,127.086,21.9668,0.1332,4520.791504,31.4
23,29.6,24.4,55.93227386,88.34124756,30.14422358,24.73535472,5.1179534,73.43989444,0.208085636,0.056474136,0.347575979,0.454069968,0,0,0,0,37.5372,126.891,15.5876,0.1554,5498.5625,32.5
9,27.8,17.7,59.29993057,91.67429352,24.42943521,18.28504523,9.35357372,103.3300283,0.680959067,0.318848758,0.3969355,0.65128393,0.402180567,0,0.122030725,0.268091396,37.4967,126.826,50.9312,0.4125,4549.967285,25.2
24,28.8,26.3,79.17756653,93.50570679,28.23156691,24.99445175,9.933138172,48.92696436,0.823891267,0.888969656,0.586998152,0.727916445,10.27414908,18.15007039,0,0.867867112,37.5237,126.909,17.2956,0.2223,5612.461426,30.1
8,29.2,24.1,50.14251328,89.02789307,31.66675574,25.20151196,4.944752355,43.31038266,0.485629942,0.287577152,0.277122143,0.234791063,0,0.003660059,0,0,37.4697,126.91,52.518,1.5629,5623.22168,31.7
10,31.6,20.4,39.73514557,77.44606018,29.62717743,22.22460396,6.557073086,69.09483488,0.024685896,0.161861131,0.39650925,0.303718148,0,0,0,0,37.4562,126.955,208.507,5.1782,5865.756348,28.3
11,30.6,24.3,37.89897537,80.88504028,28.6871113,21.97009455,7.44929258,64.46692109,0.218690555,0.186250599,0.135990285,0.196359352,0,0,0,0,37.5372,127.085,28.7,0.6233,4466.529297,29.3
20,32.8,25.3,70.53961945,95.45574951,31.42015219,25.30039774,6.431770205,82.91498295,0.102923977,0.078175357,0.285623567,0.025213818,0,0,1.345063288,0,37.6181,127.004,146.554,4.7296,5243.202637,35.1
17,31.5,20.3,43.72686768,90.41292572,31.15433513,20.1767784,3.884203598,125.961599,0.080720528,0.026168163,0.049366676,0.002956507,0,0,0,0,37.6181,127.099,53.4712,0.697,4691.812988,31.7
21,30.7,26.1,44.08166885,76.45069122,33.99741224,25.64118489,7.399225056,12.65908968,0.272782264,0.170404382,0.255896032,0.449174948,0,0,0,0,37.5507,127.04,26.298,0.5721,5211.047852,31.2
10,32.1,20.8,76.03762054,87.21607208,26.42602871,23.55754171,9.892364721,36.72214154,0.21365615,0.580617937,0.712858241,0.521266702,0,0,0.622441059,0,37.4562,126.955,208.507,5.1782,5847.944824,27.5
5,29.7,22.8,41.58558655,88.802742,31.42386724,21.79743013,5.749674867,141.2225323,0.089759112,0.070552142,0.045519626,0.027776601,0,0,0,0,37.5507,127.135,35.038,0.5055,5055.825195,31.9
17,29.3,17.3,47.79919052,94.2271347,28.02727929,19.44942093,4.495349124,128.2804993,0.024885663,0.006547721,0.243616525,0.179444396,0,0,0.489955107,1.586994166,37.6181,127.099,53.4712,0.697,4500.299316,29.4
15,31.7,20.8,32.34944534,70.97737122,33.17708579,24.24422237,6.600426952,34.82633662,0.25097082,0.343497938,0.085640347,0.138259156,0,0,0,0,37.5507,126.937,30.0464,0.8552,4945.837402,32.6
2,22.9,19.2,71.24726105,97.15520477,25.39134622,20.54263705,4.814503292,38.55676909,0.924511009,0.827742239,0.446703132,0.272064319,2.562921673,9.876201674,0.059690601,0,37.6046,127.032,44.7624,0.5141,4907.85791,24.5
12,29.6,24.6,78.25479126,95.03685761,29.66402954,25.94091214,7.570368548,39.09512006,0.23152757,0.398673827,0.437249868,0.157178055,0,0.286117822,0.122432819,0,37.5507,126.988,132.118,0.5931,5350.594238,28
17,23.6,19.6,60.40419769,96.94181061,28.05219217,20.93654361,3.540228218,97.304893,0.406680059,0.351559039,0.384514232,0.559859696,0.006025359,0,0,0,37.6181,127.099,53.4712,0.697,4871.677246,28.2
2,28.5,18.6,36.41911316,83.78780365,30.42750232,20.02646518,5.421289802,56.10804963,0.048821381,0.027227062,0.187230004,0.304283814,0,0,0.002463716,0,37.6046,127.032,44.7624,0.5141,5836.714844,32.1
7,32.2,23.4,45.18501282,85.47172546,30.49373276,22.07311666,4.898975988,143.0657309,0.083783281,0.025983676,0,0.010026133,0,0,0,0,37.5776,126.838,12.37,0.0985,4671.15918,33.3
24,28.6,20.9,46.68307114,77.61455536,32.04580953,24.2025606,6.294462313,44.77328916,0.088246048,0.024662597,0.078950951,0.004973448,0,0,0,0,37.5237,126.909,17.2956,0.2223,5790.700195,33.3
21,31.9,25.1,30.20145035,89.08128357,33.44271581,24.81191876,6.229749014,15.30173965,0.168847718,0.393109815,0.268766716,0.070720937,0,0,0,0,37.5507,127.04,26.298,0.5721,5153.790039,31.1
21,26.9,20.7,47.22862244,93.53324127,28.9869663,19.51623395,6.337729067,23.97906661,0.14462913,0.04415006,0.032032073,0.10510941,0,0,0,0,37.5507,127.04,26.298,0.5721,5153.790039,28.1
10,23.9,20.7,55.47735596,97.27330017,28.31520371,20.86183069,9.5362794,82.28829193,0.277512388,0.044070002,0,0.027160256,0,0,0,0,37.4562,126.955,208.507,5.1782,5764.948242,29.2
19,31.7,25.5,54.95275879,79.68977356,31.78513765,27.30620192,6.993079205,50.69525631,0.601645473,0.373453784,0.356479311,0.518338934,0.008633443,0,0,0,37.5776,126.938,75.0924,1.7678,4869.229004,34.1
12,29.3,22.1,42.57689667,78.45822144,31.99969803,23.59031258,6.877662083,28.40016711,0.323510182,0.089533627,0.418944765,0.37953976,0,0,0.01261352,0,37.5507,126.988,132.118,0.5931,5179.077148,31.5
2,32.3,21.6,48.61689758,84.06895447,34.04511707,24.24433017,6.390582472,80.08412802,0.001870931,0.002380846,0.28321416,0.393328581,0,0,10.03050486,0.620910995,37.6046,127.032,44.7624,0.5141,5836.714844,33.6
18,25,20.3,59.65255737,94.93039703,27.96284753,21.49708339,3.660288418,69.0098151,0.36405784,0.388259407,0.397335225,0.544428292,0,0,0,0,37.4832,127.024,56.4448,1.2313,4850.415527,31.2
6,29.3,24.5,59.88260651,88.75019073,30.83231855,25.08601302,5.786461343,33.29230444,0.494744591,0.524232885,0.24532275,0.198615693,0.000789463,0,0,0,37.5102,127.042,54.6384,0.1457,5652.810547,29.6
7,28.4,24.9,58.66854095,91.09368134,30.19378933,23.99748291,3.88177678,121.4356289,0.228670678,0.111550588,0.058136553,0.049684442,0,0,0,0,37.5776,126.838,12.37,0.0985,5406.260254,33.4
9,26.6,21,64.89263153,86.61885071,27.88729304,22.45465779,7.157599529,83.04860409,0.417520495,0.263137441,0.259820062,0.250570384,0,0,0,0,37.4967,126.826,50.9312,0.4125,4982.36377,28.9
23,30.7,23.6,78.41589355,88.82144928,23.20269022,21.56234941,6.820656935,81.8671298,0.711812165,0.6341413,0.655031076,0.401562653,0.295401425,0.174612389,0.306027909,0.003095093,37.5372,126.891,15.5876,0.1554,5840.055176,25.2
16,32.6,23.9,43.14625549,85.06856537,36.20924872,26.39438772,6.127301276,96.2405839,0.044190594,0.023470744,0.151727131,0.13369139,0,0,0,0,37.4697,126.995,82.2912,2.2579,5296.883301,34.7
6,29.4,25.7,67.49559021,87.60758209,29.662294,26.51902103,8.175169567,34.38086685,0.382843201,0.386578323,0.394699123,0.179816259,0,0,0,0,37.5102,127.042,54.6384,0.1457,5379.994141,33
1,23.8,20.6,93.09183502,100.0001526,23.87787332,21.9943261,10.64542961,12.92802192,0.932563237,0.832159751,0.715485831,0.763773619,10.91944763,9.313743805,0.005966285,0.078868383,37.6046,126.991,212.335,2.785,5981.979492,25.5
13,31.7,23.7,54.35491943,80.89250946,29.10930212,23.63871685,6.219927609,42.07156881,0.123605869,0.372401186,0.492917025,0.705877909,0,0,0,0,37.5776,127.083,59.8324,2.6865,5080.226563,28.8
2,34,24.5,61.16654968,79.95729828,32.56919175,27.17762823,7.663959722,66.62501232,0.315696837,0.370811189,0.307256754,0.401272125,0,0,0,0,37.6046,127.032,44.7624,0.5141,5650.245605,32.7
10,31.5,19.7,46.61836624,89.17015076,29.1579472,21.52043577,10.3760681,62.5524526,0.185030949,0.215012252,0.458252519,0.615172321,0.001218616,0,0,0,37.4562,126.955,208.507,5.1782,4654.749023,30.2
15,32.4,24.5,43.70314407,66.12207794,33.27553847,26.36693482,7.70633932,40.22083608,0.453666314,0.374927301,0.211877939,0.1159947,0.024905936,0,0,0,37.5507,126.937,30.0464,0.8552,5632.461914,32
16,32.8,23.2,47.83355713,91.90283966,33.71660909,26.87971441,6.140090783,102.4116144,0.213714359,0.139852345,0.026156276,0.003014092,0,0,0,0,37.4697,126.995,82.2912,2.2579,5093.864258,32.9
8,26.4,24.3,66.32858276,94.28800201,28.51640873,23.93233585,6.05077826,47.54599607,0.838417387,0.648249925,0.288832657,0.067177551,0.287508365,0.34017277,0,0,37.4697,126.91,52.518,1.5629,5547.546875,31.1
5,32.1,25.6,60.63280869,94.72696686,32.53374807,25.74715783,5.036467801,110.4334874,0.101803457,0.08597288,0.450119172,0.157166481,0,0,0.173771384,0.141480714,37.5507,127.135,35.038,0.5055,5147.667969,33.4
12,28.5,25,57.23862839,94.67558289,29.28935388,24.23805391,7.187702199,52.3268522,0.67594504,0.590188646,0.041547349,0.027994413,2.222790435,0.149182926,0,0,37.5507,126.988,132.118,0.5931,5546.43457,31.6
3,27.8,23.2,50.36068344,82.68881226,30.07968765,22.65650902,6.953356266,44.82076814,0.273966313,0.228515701,0.219455855,0.556514177,0,0,0,2.826656925,37.5776,127.058,33.3068,0.2661,4652.430664,29.4
3,33.9,25.5,57.29758453,72.9822464,30.91576286,26.20095958,6.57488964,39.10209334,0.488839144,0.771226595,0.541315672,0.531222091,0.002782953,0.916285038,0.187139009,0,37.5776,127.058,33.3068,0.2661,5591.194824,31.3
22,29.1,23.6,35.69174576,93.47370148,30.41513045,23.55776314,6.30918928,84.76452859,0.427685578,0.296644835,0.171190387,0.147385902,3.91340313,0.001394753,0.001218443,0,37.5102,127.086,21.9668,0.1332,4782.181641,31.3
20,26.4,21.7,76.95065308,98.11412811,23.0267395,19.50764565,5.212761591,47.99946467,0.647084263,0.711950042,0.49262194,0.487788508,0.434153143,0,0.000103454,0,37.6181,127.004,146.554,4.7296,5153.638672,23.6
8,26.8,22.9,48.85065079,94.45877075,31.4461493,21.92899254,6.346656193,89.96480139,0.754820842,0.125044834,0.148845768,0.218055251,5.973326643,0.154795488,0,0,37.4697,126.91,52.518,1.5629,5845.816895,30.7
24,28.7,25.5,61.20197296,75.51126099,26.85875806,23.28847186,10.21705278,49.12338225,0.628802982,0.538931655,0.65367507,0.747896338,0.045849408,0,0,0.007755857,37.5237,126.909,17.2956,0.2223,5047.767578,27.6
1,27.7,21.9,41.11748505,84.82242584,30.45700873,21.20941649,6.31765753,103.9905573,0.024385496,0.079709032,6.16e-05,1.35e-06,0,0,0,0,37.6046,126.991,212.335,2.785,5275.070313,30.4
18,34.9,24.3,47.78610992,90.79792786,34.01212447,27.04808882,5.955970943,108.1941422,0.236497381,0.104534006,0.026067723,0.004528143,0,0,0,0,37.4832,127.024,56.4448,1.2313,5113.475586,35.6
16,30.6,23.4,74.50203705,91.87811279,28.64455244,25.44320155,8.664759686,88.54370157,0.365234582,0.57984392,0.120032325,0.201401416,0.012131368,0.424595385,0,0,37.4697,126.995,82.2912,2.2579,5375.120117,30.1
23,28,18.7,61.89686966,88.84759521,21.79296893,17.17765588,13.20068343,86.22512118,0.15591056,0.178013516,0.688190684,0.847867015,0,0,0.091949999,0.271665851,37.5372,126.891,15.5876,0.1554,4443.313965,25.4
22,29.6,26.1,61.40455246,91.98117065,30.70451562,23.40600713,5.643939833,73.29818813,0.163852306,0.196332471,0.179333177,0.053198275,0,0,0,0,37.5102,127.086,21.9668,0.1332,5680.842773,31.1
9,31.7,23.7,41.3179245,90.3037262,31.48238598,22.48294699,6.787945807,103.8583154,0.051893512,0.084186996,0.00100064,0,0,0,0,0,37.4967,126.826,50.9312,0.4125,5140.238281,32.6
12,32.5,23.1,67.85793304,90.55809021,26.85963121,23.925285,9.18186005,20.86928972,0.216281008,0.585885373,0.688347935,0.748976748,0,0,0.001549853,0.131380271,37.5507,126.988,132.118,0.5931,5685.068848,27.9
22,28.9,25,54.39712906,93.36518097,29.18523295,24.4028115,8.30625244,91.62680356,0.921071559,0.710797905,0.181947717,0.249827877,3.92449075,0.921125249,0,0,37.5102,127.086,21.9668,0.1332,5597.311523,25.6
20,25.8,24.2,88.7206955,99.98464966,25.22657054,22.98236802,14.61113214,11.58101507,0.844929808,0.620370111,0.789555619,0.73340181,0.196688753,0.187904319,0.002604167,0.000159491,37.6181,127.004,146.554,4.7296,5854.641602,24.9
3,29.1,25.5,54.10939789,87.40589142,32.24518305,23.97564079,6.293248167,13.38269612,0.187443112,0.189251178,0.136564352,0.058879185,0,0,0,0,37.5776,127.058,33.3068,0.2661,5692.631836,30.7
9,30.5,24.2,83.37508392,96.45704651,25.75739348,23.75785392,6.404653649,45.60726674,0.800303047,0.764619004,0.628906028,0.731290589,1.118725002,0.326497009,0,0.036778145,37.4967,126.826,50.9312,0.4125,5604.399414,24.8
6,27.5,24,46.75131226,90.28912354,28.02472301,24.09120212,7.537266036,48.68057942,0.163438869,0.136279054,0.06803586,0.2127785,0,0,0.015542315,0,37.5102,127.042,54.6384,0.1457,4498.840332,29.5
8,25.2,22.9,55.264431,95.86204529,29.22214486,22.24065701,4.06921501,50.76028633,0.762600063,0.640439442,0.183209913,0.502980346,9.81339327,0.153045823,0.438722372,0,37.4697,126.91,52.518,1.5629,5586.337402,25.2
25,32.4,26.6,65.41392517,88.56919098,27.82898986,24.99089968,5.196492602,33.51490843,0.790701191,0.793372889,0.694495384,0.791984002,5.247779662,2.639018049,0,0,37.5237,126.97,19.5844,0.2713,5365.884766,32.3
11,29.4,23.8,51.29519653,89.52171326,34.16601593,25.0202948,5.261523863,82.28891643,0.562908152,0.457512684,0.43760657,0.658779552,0.007273937,0,1.642818113,0.539526671,37.5372,127.085,28.7,0.6233,5805.242676,33.4
1,29.6,23.3,79.9949646,96.50373077,25.29467324,22.98805375,5.542358627,44.65985819,0.731758081,0.787562276,0.694425674,0.768188943,5.156076964,1.001956575,0,0.005402432,37.6046,126.991,212.335,2.785,5516.807129,28.9
10,24.9,17.1,30.23739243,93.66271973,22.17738641,16.19896919,8.732646267,81.41010634,0.36474102,0.073193153,0.048294682,0.098980658,0,0,0,0,37.4562,126.955,208.507,5.1782,4454.895508,22.6
16,29.3,20.8,75.59384155,93.70602417,27.8539875,23.47152091,7.88693585,63.62854401,0.90669976,0.724834415,0.618416792,0.760875367,2.060859511,2.205240656,0,0.091439528,37.4697,126.995,82.2912,2.2579,5493.250488,26.2
13,34,26.4,38.27318954,80.39073944,36.86912038,26.65621975,5.760255078,63.41202009,0.041844369,0.016566849,0.023169462,0.08007539,0,0,0.034497843,0,37.5776,127.083,59.8324,2.6865,5310.041992,36.4
23,31,22.7,44.36968231,82.35864258,28.40296913,21.64592992,6.337652266,92.05274105,0.030380309,0.017489767,0.043373048,0.110670968,0,0,0,0,37.5372,126.891,15.5876,0.1554,4482.970215,31.1
10,29,23.9,53.65909195,91.41609192,30.12513718,24.33638481,5.470474452,58.0006507,0.49682099,0.267045559,0.317019622,0.249141379,0,0,0,0,37.4562,126.955,208.507,5.1782,5631.025391,30.7
17,31.7,24.9,60.4310379,95.47879791,32.14048224,24.92589354,6.309525599,116.1558161,0.503065338,0.407027115,0.110024791,0.003746232,0.060321296,0,0,0,37.6181,127.099,53.4712,0.697,5354.600098,32
11,26.6,23.1,43.98158264,86.77287292,33.7508296,24.15958033,4.794795702,44.0169915,0.424193373,0.268239961,0.025617994,0.084161556,0,0,0,0,37.5372,127.085,28.7,0.6233,5425.785156,33.3
24,33.1,27,70.21183777,92.01499176,30.74607477,26.54931025,5.642355929,45.65284816,0.679735798,0.418448893,0.345586825,0.13982535,1.162085065,0.02731663,0.134454705,0,37.5237,126.909,17.2956,0.2223,5406.136719,34
22,34.5,24.6,48.11857224,80.32226563,34.11953719,26.6635981,5.786535472,85.04305665,0.323822868,0.259308083,0.29201601,0.627776071,0,0,0,0.001450902,37.5102,127.086,21.9668,0.1332,4782.181641,33.9
20,23.2,17.6,48.05976486,89.59628296,20.51908296,14.30137542,8.600326369,89.94272631,0.61934792,0.649593307,0.46616447,0.072961697,0,0,0,0,37.6181,127.004,146.554,4.7296,4594.163086,22.8
16,30,21.1,54.27442551,85.60754395,28.54328237,22.08984884,6.726908286,77.51853009,0.090107575,0.15131902,0.259585675,0.124314949,0,0,0,0,37.4697,126.995,82.2912,2.2579,5712.382324,30.9
10,28.7,18.8,39.26557541,86.03911591,27.76251316,19.91262759,5.713907272,73.47654482,0.020635235,0.019798638,0.024855437,0.19181813,0.003020859,0,0,0,37.4562,126.955,208.507,5.1782,4413.5,29.9
14,24.5,23.4,92.24992371,95.00267792,25.46,23.26465711,6.499224941,32.66438377,0.900431188,0.890459569,0.939809594,0.920147863,9.009708881,8.966277197,0.665742412,0.010924487,37.4967,126.927,30.968,0.618,5754.252441,25.8
22,33.9,27.3,78.70860291,91.88885498,30.53553808,28.03794937,8.36789606,64.9739275,0.426578052,0.522736164,0.226152714,0.141872633,1.007148981,0.392800691,0,0,37.5102,127.086,21.9668,0.1332,5200.162598,33.1
5,33.5,25.6,47.38982391,90.11698914,32.50055165,25.43874594,6.054560175,124.0642471,0.351373919,0.145035041,0.26534624,0.099160597,0.004879095,0,1.106178264,2.474762321,37.5507,127.135,35.038,0.5055,4958.898438,34.5
8,26.7,24.1,48.06835175,92.0003891,27.40195775,23.46916034,6.877390196,40.64247225,0.205672056,0.14637991,0.066828706,0.237266325,0,0,0,0,37.4697,126.91,52.518,1.5629,4478.937012,28.2
21,27.8,25.8,41.90550613,84.87909698,35.03196922,25.77481697,6.470891049,9.880238394,0.22560286,0.298396174,0.222033947,0.088464761,0,0,0,0,37.5507,127.04,26.298,0.5721,5568.829102,34.4
21,28.6,20.8,32.56171799,78.9003067,31.54389552,20.97426891,5.708440483,19.61862016,0.061190746,0.056108084,0.174800281,0.345026362,0,0,0,0.053757186,37.5507,127.04,26.298,0.5721,5826.782227,31.6
17,32,21.5,50.76319504,94.63254547,31.8556622,23.30189923,4.420352226,99.87532233,0.293321539,0.121865665,0.524214076,0.669469309,0,0,0,0.287654549,37.6181,127.099,53.4712,0.697,5780.668945,33.6
24,34.5,28,53.69321442,77.88128662,31.75887348,27.87928429,6.008079489,51.01114066,0.192527038,0.27208582,0.479845786,0.511432265,0,0,0,0,37.5237,126.909,17.2956,0.2223,4849.283203,33.8
17,30.7,22.4,82.24047852,97.81510162,27.10514143,25.33869909,6.770818273,40.08421214,0.451065355,0.814667339,0.902506025,0.501325091,0,0.874898503,2.081761165,0.311685627,37.6181,127.099,53.4712,0.697,5518.56543,29
12,26.8,22.3,52.24894714,92.79415131,32.83285031,24.34439319,6.447191328,34.96930027,0.604537973,0.389873962,0.16388094,0.075521538,0.015625704,0,0,0,37.5507,126.988,132.118,0.5931,5323.390137,32.7
24,33.8,25.1,49.5396843,79.61055756,33.83885317,25.92440551,6.183346043,62.14981413,0.008799842,0.031672392,0.019596622,0.115684064,0,0,0,0,37.5237,126.909,17.2956,0.2223,5646.496582,36.2
1,20.6,18.2,61.65188599,93.9237442,26.85975027,19.50585423,5.691574703,77.76364132,0.30600351,0.23971308,0.257080702,0.074534697,0,0.000836913,0.2345118,0.001661121,37.6046,126.991,212.335,2.785,5183.697266,26.2
20,30.2,20.8,40.48387146,79.83504486,26.46595314,19.63066536,8.793067634,159.8980598,0,0,0.071845178,0.049131054,0,0,0,0,37.6181,127.004,146.554,4.7296,4746.358887,28.7
19,31,24.5,54.34791565,83.5880127,30.02641453,23.88473758,5.835487038,57.53856398,0,0.003040549,0.000186275,0.012153349,0,0,0,0,37.5776,126.938,75.0924,1.7678,5791.473633,32.3
2,29.3,22.8,52.98777771,94.70002747,30.28528892,25.25086853,6.949465454,72.02639858,0.739326643,0.291744017,0.11477962,0.034332781,2.934537586,0,0,0,37.6046,127.032,44.7624,0.5141,5451.257324,29.9
12,25.7,19.1,37.1048584,87.91530609,29.53132326,20.58023365,6.21876814,22.02423523,0.035522473,0.151346643,0.007044714,0.006400916,0,0,0,0,37.5507,126.988,132.118,0.5931,4583.094727,30.6
23,31.6,27.6,75.9246521,95.91345215,28.53898409,25.44062825,7.919224004,50.63790623,0.790294748,0.807535187,0.737900885,0.579385661,0.269843065,7.028781692,0.28117895,0,37.5372,126.891,15.5876,0.1554,5559.503418,30.4
25,33.1,26.8,43.44381714,77.92461395,34.6478495,26.70254027,5.553541114,18.83290104,0.173491409,0.152533498,0.107383334,0.050287457,0,0,0,0,37.5237,126.97,19.5844,0.2713,5288.856445,34.9
11,26.1,23.1,50.91040039,83.49685669,32.94964504,25.19984021,6.978711943,50.13482881,0.390348359,0.137241823,0.162259672,0.27494832,0,0,0,0,37.5372,127.085,28.7,0.6233,5162.046875,32.2
13,35.3,26.8,55.84215164,77.74112701,33.19769135,27.31739068,6.998111566,51.41424219,0.308734778,0.370166785,0.357581092,0.344409848,0,0,0,0,37.5776,127.083,59.8324,2.6865,5637.350098,33.6
5,25,23.4,65.11640167,92.127388,30.21391984,24.51637653,8.66183126,85.96249835,0.142199745,0.297169712,0.280785745,0.379825319,0,0,2.47e-05,0,37.5507,127.135,35.038,0.5055,5655.37793,26
11,32.7,26.7,62.10766983,86.46485138,30.76270094,26.2550088,8.047930459,45.17882919,0.678836222,0.718496846,0.288982657,0.22402086,0,0.002326966,0,0,37.5372,127.085,28.7,0.6233,5425.785156,32.9
24,29.9,21.4,60.94613647,93.39802551,29.79824378,23.90026574,7.499268775,57.1552155,0.03906019,0.104753948,0.719970565,0.831347125,0,0,0.085126772,5.771121143,37.5237,126.909,17.2956,0.2223,5809.1875,29.6
14,29.8,27.2,65.3844223,91.04628754,29.825803,26.6368698,5.699928214,24.90766809,0.726442698,0.648988722,0.478139002,0.271110216,2.726683112,0.098011878,1.399222612,0,37.4967,126.927,30.968,0.618,5545.18457,32.7
14,28.8,22.6,53.71402359,86.1071167,28.68888184,22.39081678,7.683878968,15.40155137,0.78387365,0.537682479,0.095074012,0.053758139,0.005924195,0.002511634,0,0,37.4967,126.927,30.968,0.618,5754.252441,29.4
10,27.2,21.8,73.96779633,93.38433075,28.50314809,24.94907236,6.481963575,50.88144537,0.747739198,0.754714686,0.252342878,0.232663005,3.767430086,8.311203641,0.003156417,0,37.4562,126.955,208.507,5.1782,5431.227051,32
8,26.5,19.4,34.44887161,78.59741211,28.67564148,18.00864342,6.088963052,42.96328257,0.042011613,1.11e-05,0.160809321,0.06213872,0,0,0,0.001928187,37.4697,126.91,52.518,1.5629,5845.816895,30.4
15,32.6,22.4,43.71585846,72.18195343,32.5609544,24.99328149,6.328861306,37.92197148,0.011004719,0.008277109,0.054565359,0.284331752,0,0,0,0,37.5507,126.937,30.0464,0.8552,5798.013184,33.4
1,21.8,19.4,76.19385529,89.44700623,22.52633407,20.08430143,14.0502977,71.26898241,0.525959164,0.546831128,0.504894084,0.455117477,0.087711891,0.003940299,0.0053733,0,37.6046,126.991,212.335,2.785,5152.121094,25
3,32.5,26.6,42.03918839,76.44580841,32.23389297,25.72682152,6.863487631,16.4732971,0.081824481,0.081868891,0.165649944,0.642889779,0,0,0,0,37.5776,127.058,33.3068,0.2661,4652.430664,32.6
13,26.3,23.4,54.10002136,93.42267609,30.26811905,22.929669,6.327787518,50.97142557,0.41223632,0.218669037,0.117180291,0.144198292,0,0,0,0,37.5776,127.083,59.8324,2.6865,5779.356934,32.4
14,35,26.2,77.89115143,86.44882202,28.07771837,25.1834301,12.16811858,80.06284428,0.83943901,0.795159681,0.75905875,0.782280203,2.463561296,0.774066259,1.386332696,1.734279325,37.4967,126.927,30.968,0.618,5766.149414,26.8
19,28.1,26,60.35148239,94.18235016,29.3128404,24.43797078,6.88374728,49.61783298,0.687980952,0.542588096,0.036622045,0.05043838,2.294027932,0.060653872,0,0,37.5776,126.938,75.0924,1.7678,5523.139648,31.8
13,31.4,25.9,70.25051117,90.6052475,29.77863576,25.51849392,7.424165507,35.1163367,0.569784397,0.772786151,0.515225265,0.208164112,0.037093957,1.20036615,0,0,37.5776,127.083,59.8324,2.6865,5310.041992,33.8
25,34.8,27.1,30.87835884,76.90872955,34.93263068,26.51600912,6.531260202,12.19495632,0.002382166,0.01485587,0,0.112338099,0,0,0,0,37.5237,126.97,19.5844,0.2713,4928.546875,35.9
1,20.7,17.8,83.48825073,99.71987152,22.35101082,19.85851586,10.13182457,36.22889894,0.499746971,0.342624803,0.30758064,0.324832247,0.732259278,0.377714127,0.068617007,0.10372344,37.6046,126.991,212.335,2.785,5827.258789,20.7
13,26,20.6,62.6180191,95.07866669,25.94544031,20.4002035,5.421729654,41.06394509,0.852137395,0.647706536,0.337906624,0.275660521,1.199510217,0.197709179,0.056756914,0,37.5776,127.083,59.8324,2.6865,5819.253906,28.6
13,28,23.7,48.5061264,93.22246552,33.97289222,24.74052803,5.580633809,39.54226919,0.581968393,0.301357511,0.186825208,0.084141017,0,0,0,0,37.5776,127.083,59.8324,2.6865,5255.987793,32.9
10,26.6,23.5,67.95102692,92.00862885,29.69873884,23.95693279,6.966346443,49.01403463,0.251243726,0.357908432,0.395948307,0.660807528,0,0,0,0.002530971,37.4562,126.955,208.507,5.1782,5827.465332,29.7
2,31.8,23.5,49.49959564,90.91989136,32.98707115,25.19248841,4.927123855,73.80542,0.321482666,0.332779089,0.199711642,0.252924609,0.52306499,0.072696706,0,0,37.6046,127.032,44.7624,0.5141,5451.257324,33.3
6,32.9,26.7,51.26779175,89.73630524,34.19232071,25.95323946,6.265402595,55.92431426,0.057386596,0.077160902,0.167437452,0.084983224,0,0,0,0,37.5102,127.042,54.6384,0.1457,5161.604004,34
13,28.2,19.2,41.67976761,91.88318634,31.20445849,21.61692526,6.724486997,36.72836087,0.16066592,0.105511346,0.019416387,0.045698441,0,0,0,0,37.5776,127.083,59.8324,2.6865,5111.087891,30.7
4,31.9,27.7,68.88233948,98.11496735,30.42550544,26.10719949,7.606065353,71.38829923,0.194993914,0.483139292,0.227500389,0.513690823,0,0.00731607,0.000120178,1.488061301,37.645,127.022,45.716,2.5348,4926.958008,32.7
6,30.4,23.2,68.37688446,86.97724915,26.04953448,23.17787504,4.66227745,28.28489534,0.332574044,0.62471838,0.62802729,0.630864487,0,0.001146234,0,0,37.5102,127.042,54.6384,0.1457,5100.898926,27.1
24,35.2,26.5,64.12787628,85.69251251,31.66675598,27.00229076,7.422894071,54.51878285,0.308674091,0.377621731,0.366898327,0.342964818,0,0,0,0,37.5237,126.909,17.2956,0.2223,5629.780762,33.2
8,31.6,24.6,50.10383987,83.71087646,31.34187528,24.19299701,5.749634584,47.96489124,0.137465479,0.099856048,0.273193506,0.130374254,0,0,0.003221507,0,37.4697,126.91,52.518,1.5629,5020.958008,30.5
15,30.4,25.2,41.05117798,73.39347839,34.23492527,26.05634781,7.439776162,22.4552863,0.266566671,0.171391772,0.271525124,0.388352391,0,0,0,0,37.5507,126.937,30.0464,0.8552,5222.419434,31.6
6,31.5,24.7,51.01438904,88.74326324,33.26337552,24.6997109,5.728482743,57.84198793,0.373557208,0.11571035,0.271488225,0.320482523,0,0,0,0.286109289,37.5102,127.042,54.6384,0.1457,5354.693848,34.2
1,26,21.7,60.30228806,94.16223907,28.9958455,22.60933085,6.601827482,98.03220987,0.116191263,0.032415879,0.308984732,0.352165741,0,0,0,0.001905548,37.6046,126.991,212.335,2.785,5651.470703,28.9
16,23.5,19.5,43.98707962,85.44565582,30.11329868,20.89235649,5.824990312,102.2091891,0.315165141,0.232719914,0.137837649,0.162348958,0,0,0,0.16481338,37.4697,126.995,82.2912,2.2579,5842.662598,31.8
23,35.7,27.2,50.64014816,87.12740326,33.8655226,28.28831676,5.866477698,103.8349098,0.063476972,0.016631122,0.013499055,0.012817653,0,0,0,0,37.5372,126.891,15.5876,0.1554,5051.400391,36
23,26.8,24.3,72.86208344,94.38017273,27.73194196,24.32394252,5.854146451,47.58691994,0.861329062,0.699326108,0.322198698,0.060973132,0.284612693,1.443872549,0,0,37.5372,126.891,15.5876,0.1554,5539.772949,30.8
4,25.9,18.9,68.55381775,97.58850861,25.21827613,19.438481,6.307207162,74.40600963,0.451957272,0.475426397,0.79668536,0.763039443,0,0,0.190058714,9.078569969,37.645,127.022,45.716,2.5348,4565.983887,26.3
11,33.8,25.2,47.82860565,91.10861969,31.27140868,24.4970619,5.409968297,56.55865256,0.265931127,0.367812993,0.304158647,0.219766585,0,0.004715749,0,0,37.5372,127.085,28.7,0.6233,5219.050781,32.3
3,30.4,20.6,46.60169601,79.85671997,32.97563916,24.39955777,5.341359278,12.72799561,0.363125197,0.419313578,0.233984348,0.594446202,0,0,0,0.037247042,37.5776,127.058,33.3068,0.2661,5661.220703,30
18,35.2,22.6,46.32042694,88.43422699,32.23422101,23.62825259,5.705058406,120.6960721,0.012190323,0.005520451,0.053536971,0.285076181,0,0,0,0,37.4832,127.024,56.4448,1.2313,5794.006836,35.5
2,31,24.8,50.36841965,84.77853394,32.24789939,26.8327768,8.448640605,78.16922879,0.267716551,0.156637432,0.289957167,0.070507428,0.000107236,0,0,0,37.6046,127.032,44.7624,0.5141,5538.37207,31
20,28.1,21.6,55.7747879,98.23428345,24.45992838,18.70640431,11.48780749,101.9525911,0.485505573,0.144901306,0.005935668,0.140193787,0.308744062,0.002534551,0,0,37.6181,127.004,146.554,4.7296,5932.124023,28.2
14,31.5,23.8,46.32874298,73.82985687,30.03443476,23.74620287,6.420508847,15.18625901,0,0.012674797,0.116146164,0.033339431,0,0,0,0,37.4967,126.927,30.968,0.618,4602.03125,30
9,31.1,21.6,38.5198555,93.83770752,27.23995181,19.14585789,5.842105289,116.3624797,0,0.002097505,0.064028206,0.048135966,0,0,0,0,37.4967,126.826,50.9312,0.4125,4664.901367,29.3
8,32.7,24.9,24.95941162,92.22174072,34.68928656,24.92566986,7.874708007,72.04152107,0.491652278,0.094639666,0.041246175,0.071963382,0.334288679,0,0,0,37.4697,126.91,52.518,1.5629,5793.330078,33.8
11,30,22.3,36.88537216,75.55039215,32.38991472,22.90435623,6.003492519,60.43846003,0.048333457,0.065379856,0.116429083,0.108370648,0,0,0,0,37.5372,127.085,28.7,0.6233,5864.000977,32.7
10,32.3,25.7,56.6597023,80.56462097,30.87247115,25.91936943,6.744689147,66.92362205,0.57392187,0.317924705,0.309075189,0.517013043,0,0,0,0,37.4562,126.955,208.507,5.1782,4769.366211,35.5
4,30.8,23,86.64031219,99.19927979,22.7690913,20.39039117,11.06257908,62.45926205,0.792437578,0.630651034,0.768760949,0.428796131,1.238934358,0.0885582,0.274417257,0.001669077,37.645,127.022,45.716,2.5348,5845.616211,23.6
12,28.1,21.9,65.01636505,87.55974579,30.22736274,25.43050748,7.254554609,13.72334939,0.409453794,0.529062507,0.489807109,0.452075596,0,0,0,0,37.5507,126.988,132.118,0.5931,5766.102051,29.1
21,30.6,25.3,71.74703217,90.43128967,29.80443869,25.79373396,7.524697264,35.45630697,0.534009436,0.764010495,0.530959884,0.165026558,0.025424163,1.074954775,0,0,37.5507,127.04,26.298,0.5721,5319.623535,33.1
4,33.5,25.9,64.59005737,95.3860321,30.12569277,24.58337254,5.709079747,85.65127365,0.385611819,0.209930806,0.468098813,0.020910225,0.040922415,1.036454015,10.03651044,0,37.645,127.022,45.716,2.5348,4960.18457,36.1
2,32.2,25,38.94021606,86.65140533,33.98067706,26.51657518,6.461386134,87.06640371,0.364971404,0.395651695,0.22340259,0.09937372,0,0,0,0,37.6046,127.032,44.7624,0.5141,5379.522949,33.6
5,27,21.7,87.00679779,94.83579254,23.93995369,21.863583,7.497114619,48.36145145,0.748712837,0.833543428,0.633712812,0.582620028,0,3.231664161,5.641332943,0.633089021,37.5507,127.135,35.038,0.5055,4822.092285,23.6
21,25.3,21.6,34.78504181,83.26242065,32.14473193,21.24376153,6.689663072,16.45004036,0.381800353,0.235830439,0.201293527,0.144939862,0,0,0,0.00913868,37.5507,127.04,26.298,0.5721,5841.541016,31.9
10,26,22.5,65.68763733,94.96535492,26.84454841,21.475203,9.12309887,62.97955746,0.207931405,0.169323552,0.047783498,0.182568687,0,0,0,0,37.4562,126.955,208.507,5.1782,5570.72168,28.9
1,32.4,24.2,56.99724197,90.30815125,32.32800512,24.80158957,6.889773717,111.3344292,0.032662544,0.001546173,0.103598013,0.051630503,0,0.005581432,0.005862781,0,37.6046,126.991,212.335,2.785,5415.057617,32.2
18,34.7,25.2,53.66872025,94.60516357,30.18084413,23.58946492,5.616543303,98.48836068,0.278463784,0.325358677,0.227996531,0.227798177,0,0,0,0,37.4832,127.024,56.4448,1.2313,5202.184082,32
1,25.2,17.9,40.93031693,84.20108032,28.31403078,18.64165274,6.787822316,71.91975607,0.071239981,0.069699671,0.233625482,0.282667376,0,0,0.050935536,0,37.6046,126.991,212.335,2.785,5961.377441,29.8
6,32.4,26.4,67.94934845,89.69561005,29.81868226,24.01469716,7.183775465,77.61031993,0.717916315,0.547037302,0.460500685,0.319773664,3.724946781,0.185898657,0,0,37.5102,127.042,54.6384,0.1457,5744.228027,27
24,28.1,23.8,52.29943466,89.80877686,28.91932229,23.07576872,7.627049009,45.63602646,0.305884584,0.153395459,0.006595997,0.012059009,0,0,0,0,37.5237,126.909,17.2956,0.2223,5734.145996,31
25,34.5,26.3,57.7567749,74.47003937,30.63249947,26.65602405,6.646242023,35.65266784,0.504939099,0.731712194,0.602711196,0.519997883,0.004157612,0.448596671,0.149354555,0,37.5237,126.97,19.5844,0.2713,5582.90332,32.6
17,35.3,23.8,82.26848602,95.18650818,28.16286131,26.07115003,3.007953897,32.59607036,0.294755797,0.677049413,0.831145967,0.319357839,0,0.041149328,0.823721622,0.001355684,37.6181,127.099,53.4712,0.697,5038.491699,30.9
16,32,22.1,48.48199081,85.60592651,31.82833997,23.32388807,5.276423087,111.7268264,0.22252359,0.13609222,0.226822885,0.300714029,0,0,0,0,37.4697,126.995,82.2912,2.2579,5777.470215,32.4
10,31.4,24,69.68460846,89.4732666,27.71515429,24.57994043,5.198703448,42.56400478,0.260951551,0.356086904,0.553337146,0.433153169,0,0,0,0,37.4562,126.955,208.507,5.1782,5209.735352,29.7
1,30,23.6,76.82048798,94.89555359,27.64165572,24.3580065,10.06157404,58.23345915,0.754717779,0.859537601,0.401603029,0.255777987,0.012814273,0.022247788,0.006562671,0,37.6046,126.991,212.335,2.785,5564.09082,29.1
13,33.2,26.5,45.51637268,86.57626343,33.65956593,27.20381853,7.523593624,30.90015578,0.462719881,0.390629781,0.117997718,0.043843417,0.018789333,0,0,0,37.5776,127.083,59.8324,2.6865,4984.21582,33.1
15,31,24.7,74.62240601,88.07929993,27.49102965,25.83166893,9.686432223,30.03617392,0.735166655,0.69286073,0.65837529,0.509874365,0.005722842,0.173597217,0.064194418,0,37.5507,126.937,30.0464,0.8552,5649.52832,29
23,30.5,24.1,61.51745987,96.06399536,28.9276529,24.96208243,7.176547954,91.90201998,0.59829425,0.346255816,0.153715609,0.044536417,3.228300721,0,0,0,37.5372,126.891,15.5876,0.1554,5432.126465,31.8
25,25.7,22.2,81.58770752,92.48797607,27.17711984,24.70654878,7.74314932,43.08249106,0.847589663,0.659216268,0.766473179,0.549314709,0.388854921,0.71144828,0.10627257,0.014322411,37.5237,126.97,19.5844,0.2713,5564.44043,27.1
7,31,27.2,85.55042267,97.66125488,27.29347898,25.14246008,7.98185273,56.85238862,0.80464054,0.81599171,0.75742976,0.588819481,0.49926496,6.927716811,0.152063174,0,37.5776,126.838,12.37,0.0985,5557.116699,29.7
16,27.4,22.7,62.46504974,92.91571808,27.98777664,22.49572848,7.774321496,95.36429147,0.223349502,0.163866359,0.037362634,0.140499763,0,0,0,0,37.4697,126.995,82.2912,2.2579,5556.628906,29.8
18,36,25.2,50.5030098,80.47108459,31.74896439,24.35708893,6.414968421,107.1537012,0.452655423,0.330980328,0.211265994,0.058817033,0.017535106,0,0,0,37.4832,127.024,56.4448,1.2313,5623.249023,34.8
1,21.9,18,66.10977173,96.73606873,26.19079408,20.28288463,4.453255961,70.72009804,0.38777113,0.366048819,0.368138689,0.514313355,0.020214175,0.007509601,0.019588828,0.000489613,37.6046,126.991,212.335,2.785,5020.102051,25.7
16,24.8,23,55.63654709,85.51825714,31.5350439,24.48640185,6.785420289,88.06723758,0.295736467,0.164959596,0.168721323,0.183183992,0,0,0.038172747,0,37.4697,126.995,82.2912,2.2579,5124.78125,30.9
3,30.9,23.7,48.57543564,70.28482056,28.48161279,24.09527754,7.070889831,13.86163052,0.409728974,0.508303749,0.571233915,0.659434346,0,0,0,0.069298649,37.5776,127.058,33.3068,0.2661,5721.618652,29
11,35.5,26.1,46.16152573,82.80573273,35.59933096,26.61143747,5.647787084,74.65454261,0.026720557,0,0.098447928,0.101253236,0,0.00751289,0,0,37.5372,127.085,28.7,0.6233,5274.280762,35.3
10,25.1,18.8,67.50579834,96.0526123,30.23898811,22.02274939,7.02814884,99.45110629,0.62056845,0.421153016,0.32586258,0.661063585,2.496538222,0,5.260038614,1.391603761,37.4562,126.955,208.507,5.1782,5570.72168,33.4
18,36,27.6,55.15559769,89.3465271,32.94019138,27.46130163,6.040788074,108.9976259,0.361989285,0.091441559,0.312619121,0.1419404,0.029654547,0,0,0.788809776,37.4832,127.024,56.4448,1.2313,5230.736816,37.1
21,32.2,23.1,39.5652504,84.58136749,31.90051497,24.6063396,7.178219765,24.92526428,0.0852717,0.065050081,0.049097462,0.040688685,0,0,0.060258123,0,37.5507,127.04,26.298,0.5721,5093.562988,29.9
8,27.4,22,63.92348099,94.43669891,27.01162082,23.3043104,5.993894895,27.43356013,0.441065358,0.698294462,0.331211849,0.104537296,0,0,0,0,37.4697,126.91,52.518,1.5629,4745.608887,28.8
25,33.2,26.7,65.25843811,88.94968414,30.55093361,24.46064947,7.307681342,45.8659035,0.71675961,0.547300093,0.458598412,0.29702075,1.922619628,0.197719013,0,0,37.5237,126.97,19.5844,0.2713,5726.839355,27.6
1,26.9,19.6,38.75231171,73.93379211,29.28190728,20.34439178,12.95520178,123.6120892,0.002634499,0.08163983,0.179358914,0.407059213,0,0,0,0,37.6046,126.991,212.335,2.785,5360.637207,28.1
24,30.4,22.3,36.39590454,75.75074005,29.47132791,21.70144732,5.594702939,38.57978042,0.104750399,0.365238984,0.033137835,0,0,0,0,0,37.5237,126.909,17.2956,0.2223,4556.236816,28.6
11,32.7,26.6,63.26516724,87.1577301,30.1166743,26.15979067,9.826839904,64.38502026,0.447294143,0.599569348,0.139070013,0.247380016,0.007923121,0.104166852,0,0,37.5372,127.085,28.7,0.6233,5402.019531,30.5
4,27.1,23.8,65.1855545,99.21414948,30.33228955,24.15710775,8.716302494,61.10775337,0.88663128,0.613285619,0.249344922,0.168814777,3.322535307,0.028131257,0,0,37.645,127.022,45.716,2.5348,5787.545898,26.7
8,32.3,26.7,73.38291931,90.08168793,28.99094661,24.14548857,7.400484254,67.70068121,0.717412314,0.526702954,0.526395643,0.324551262,2.267859717,0.072672172,0,0,37.4697,126.91,52.518,1.5629,5733.061523,27.1
3,30.7,25.7,44.15481567,77.0426178,33.82781897,25.46399795,7.105917335,14.92624334,0.27921178,0.175209242,0.236160805,0.450011176,0,0,0,0,37.5776,127.058,33.3068,0.2661,5214.541016,31.4
9,31.6,21.7,50.2035141,87.54790497,29.33662746,22.88430316,5.717205723,93.56490062,0.054957669,0.160004128,0.339103299,0.311315919,0,0,0,0,37.4967,126.826,50.9312,0.4125,5851.988281,28.9
3,28.9,20.9,41.71199417,88.39094543,31.11164293,23.39821943,5.380228122,12.56621347,0.151050924,0.119764406,0.307429063,0.155492215,0,0,0,0,37.5776,127.058,33.3068,0.2661,5002.308105,30.8
10,28,23.6,68.09938812,90.70236969,29.78579305,24.49109157,11.27709508,67.78056399,0.268644579,0.621978545,0.334174163,0.069006439,0,0.008631396,0,0,37.4562,126.955,208.507,5.1782,5352.822754,30.1
5,31.2,22.3,45.36354446,93.36498261,31.64828637,23.48324016,5.190860997,124.9882096,0.068745946,0.101690594,0.177406053,0.146315934,0,0,0.003661552,0,37.5507,127.135,35.038,0.5055,5024.069336,31.7
6,32.3,25.6,70.63305664,89.38880157,27.18487701,24.50498294,4.737920781,42.85622247,0.790014969,0.762346343,0.74307613,0.785091085,1.398031853,4.163376589,0.003260536,0,37.5102,127.042,54.6384,0.1457,5379.994141,31.7
3,28,22.6,42.79627991,88.94004822,31.09985859,21.45615279,8.855947753,14.49632748,0.253761849,0.24829105,0.036963465,0.000503523,0,0,0,0,37.5776,127.058,33.3068,0.2661,5852.268066,31.2
5,24,22.5,79.66565704,94.64907074,23.42698241,20.47217453,8.23061798,67.05877161,0.716826492,0.665564105,0.738032007,0.920756181,0.29585724,0.718902309,0.068738694,7.717282971,37.5507,127.135,35.038,0.5055,4925.497559,23.7
20,29,22.5,54.47271729,96.66598511,29.00441456,21.72836827,9.998394152,96.79501605,0.143832946,0.083348882,0.142062094,0.118790847,0.002455717,0,4.02e-05,0,37.6181,127.004,146.554,4.7296,5807.616699,31.2
7,27.3,21.3,62.48747635,93.20456696,25.63343357,19.96815107,7.030998826,89.26425378,0.459579496,0.494304397,0.868745332,0.610513623,0,0,0.468940082,4.483591477,37.5776,126.838,12.37,0.0985,4558.074707,26.8
21,29.4,25,53.01138687,78.61125946,29.21004745,25.03773923,6.230334083,10.85876908,0.461383344,0.451947332,0.413143026,0.623617229,0,0.000334818,0,0,37.5507,127.04,26.298,0.5721,4865.184082,28.3
14,30.4,24.3,62.9045639,89.3361969,30.69620817,25.70855456,5.576120168,22.26888867,0.507667299,0.521344195,0.235546712,0.178276338,0.41064833,0.003807942,0,0,37.4967,126.927,30.968,0.618,5637.367676,29.3
8,34.7,27.6,43.35116959,74.26145935,33.42244427,25.10298739,7.015577833,73.92405725,0.083482446,0.009234182,0.25326065,0.36291668,0,0,0,0,37.4697,126.91,52.518,1.5629,4708.868164,32.6
9,30.6,21.7,50.2665863,94.46525574,28.0684733,20.35795173,5.375702451,87.48163701,0.025758323,0.070174766,0.192399169,0.397310827,0,0,0,1.468886709,37.4967,126.826,50.9312,0.4125,4549.967285,29.9
15,31.4,25.1,45.73106003,69.25296783,33.14976956,26.03531663,7.569703639,33.43626849,0.25179342,0.489917325,0.347377558,0.384922868,0,0.011793037,0.023186175,0,37.5507,126.937,30.0464,0.8552,5614.786621,33.3
19,24.3,21.4,70.48519897,94.5690918,24.28889867,20.33259575,5.812246054,55.61741328,0.706108039,0.647386696,0.770435217,0.894873949,0.378398837,0.482728829,0.344238101,3.391266877,37.5776,126.938,75.0924,1.7678,4971.731445,24
15,29.1,23.8,50.57445908,83.28153992,31.24544921,25.12506276,5.700578521,29.10819725,0.192841609,0.034678914,0.364628584,0.426767243,0,0,0,0,37.5507,126.937,30.0464,0.8552,5517.881836,32.3
7,30.1,21.4,54.06788635,94.94202423,27.79473102,20.34202071,4.893353075,110.1469804,0.038788724,0.048469306,0.152139658,0.326080167,0,0,0,0.375434479,37.5776,126.838,12.37,0.0985,4519.286621,30.1
14,31.3,24,46.07263947,78.57312012,32.12260525,25.23494209,6.308985293,16.89096137,0.148835496,0.086599791,0.275692061,0.12315763,0,0,0.001482306,0,37.4967,126.927,30.968,0.618,5023.568848,31.4
3,27.1,23.6,43.84685135,84.42510223,30.38555693,23.50121259,8.525912364,12.66282728,0.252255585,0.185309185,0.017746878,0.089722612,0,0,0,0,37.5776,127.058,33.3068,0.2661,5572.717285,31
9,33,26.6,71.19782257,93.66374207,29.99985455,26.12171449,6.881668031,74.0440102,0.395824937,0.505817202,0.489175342,0.350426755,0,0,0,0,37.4967,126.826,50.9312,0.4125,5640.645996,32.8
11,29.1,23.6,30.82992744,90.54870605,33.16638058,23.7995006,5.642065585,63.25556056,0.239855983,0.09306862,0.00743179,0.001736111,0,0,0,0,37.5372,127.085,28.7,0.6233,4732.790039,34.2
25,30.7,22.1,47.89761353,86.30374146,32.40431276,24.74604465,7.424963097,17.05158468,0.286177374,0.248492516,0.072212559,0.073734589,0,0,0,0,37.5237,126.97,19.5844,0.2713,5668.876465,31
1,23.5,21.6,70.78235626,98.69328308,27.42071871,21.14742109,7.000308623,72.85176988,0.314136635,0.285362744,0.162447545,0.111436717,0,0,0,0,37.6046,126.991,212.335,2.785,5915.583496,29.1
21,29,26.7,53.78666687,93.95050812,30.58718831,24.64601453,6.994958321,48.57885067,0.664292807,0.595893311,0.060423543,0.016514637,1.055771222,0.425090401,0,0,37.5507,127.04,26.298,0.5721,5486.67627,30.4
3,31.4,23.7,35.28981781,85.17090607,33.37123732,24.27227498,6.150936609,16.71959131,0.113226859,0.164148704,0.124456539,0.013576236,0,0,0,0,37.5776,127.058,33.3068,0.2661,5838.654297,32.9
9,23.3,15.8,29.70917892,90.40327454,25.79900394,17.383095,5.805488765,108.9819597,0.026765251,0.059560287,0,0,0,0,0,0,37.4967,126.826,50.9312,0.4125,4471.100586,27.4
19,27.5,23,77.87112427,89.85733795,26.50164974,22.38344991,10.54183175,66.6523428,0.756352812,0.718432331,0.830160101,0.676849706,0.163308586,0.537356782,0.710404046,0.018077361,37.5776,126.938,75.0924,1.7678,4903.913574,25.6
21,32.4,25.9,54.49622726,81.54428101,32.81072296,27.43899797,7.453299125,17.1826187,0.213540468,0.315901228,0.090549576,0.094323973,0,0.037017487,0,0,37.5507,127.04,26.298,0.5721,5031.075684,32.5
8,32,25.2,46.40240479,81.58383942,32.68045989,26.23363701,5.93441395,61.15696132,0.259361101,0.300785023,0.264194871,0.252262012,0.240673874,0.040058603,0,0,37.4697,126.91,52.518,1.5629,5438.388672,33.9
15,31.7,24,58.22921371,81.19286346,28.37657834,24.43345864,5.028570781,39.51704542,0.41608616,0.659355422,0.516755055,0.513623699,0,1.323166789,0.012138105,0,37.5507,126.937,30.0464,0.8552,5011.411133,31.5
19,28.8,23.5,57.76248932,82.89546204,28.10955989,24.80431783,5.6486802,36.77788758,0.482132058,0.485988834,0.359121652,0.620976321,0,0,0,0,37.5776,126.938,75.0924,1.7678,4903.913574,28.9
15,32,26.8,63.83681488,86.34326935,31.5208998,27.51494508,6.736186981,15.35193259,0.484803571,0.53820312,0.525341556,0.339271972,0,0,0,0,37.5507,126.937,30.0464,0.8552,5632.461914,33.4
15,24.6,19.6,58.32303619,87.23469543,23.76995774,19.181454,5.974998007,41.47162739,0.325486556,0.470007144,0.433342773,0.36202286,0,0,0.007889237,0.555392732,37.5507,126.937,30.0464,0.8552,4663.227539,25.5
18,35,23.8,45.0024147,85.39308167,34.26772607,25.35985659,5.661100735,85.52078585,0.157955422,0.153420759,0.37325104,0.355074351,0.073818219,0,0,0,37.4832,127.024,56.4448,1.2313,5783.118164,36.9
19,25.9,23.1,62.13872147,97.89632416,30.23901838,24.37659993,8.554336449,47.92881242,0.579426633,0.250209746,0.083812133,0.056863126,4.342631668,0,0,0,37.5776,126.938,75.0924,1.7678,5523.139648,30.4
18,30.7,24.5,86.15451813,92.18735504,26.70013154,25.3294318,9.282271504,47.72728733,0.66256386,0.85263874,0.495834594,0.485863157,0.020663,3.143648167,0.002390958,0,37.4832,127.024,56.4448,1.2313,5605.04541,27.9
5,29.1,22,56.62467957,89.82323456,31.15839534,22.71716678,4.722334216,102.6770798,0.135026035,0.2075418,0.117894509,0.081064551,0,0,0,0,37.5507,127.135,35.038,0.5055,5460.998047,32.7
11,26.8,23.9,64.85255432,93.54213715,29.21393398,24.18106425,5.740119507,45.48506681,0.872043586,0.660101002,0.188216014,0.103343356,0.126372045,0.548844463,0,0,37.5372,127.085,28.7,0.6233,5555.624512,30.9
25,30.1,24.1,51.54015732,75.93833923,29.33312807,24.59153586,6.69186011,41.08085207,0.170746827,0.239938502,0.35128658,0.004223805,0,0,1.337773144,0,37.5237,126.97,19.5844,0.2713,4568.769043,31.4
16,25.3,23.3,68.40660858,92.19725037,28.26624865,24.09424229,6.156604012,63.08335412,0.817560875,0.651200482,0.257925438,0.064845052,0.164054764,0.509645173,0,0,37.4697,126.995,82.2912,2.2579,5536.100586,30.6
20,27.8,23.1,93.98935699,99.74138641,24.5004061,22.20883787,9.62226826,30.605807,0.642236451,0.861531804,0.365586307,0.359991407,0.402186911,5.0900318,0.171338759,0.026594423,37.6181,127.004,146.554,4.7296,5766.23877,30.3
9,30.1,23.7,71.77279663,93.9788208,29.70860213,25.19703751,11.41779466,88.72452609,0.4034954,0.618283403,0.425851981,0.13015506,0,0.007559408,0,0,37.4967,126.826,50.9312,0.4125,5387.100098,32.2
18,28,24,85.50141907,94.04644775,24.47928776,22.45209764,12.66433426,91.85903438,0.594317428,0.35737094,0.644391153,0.638013192,1.466492524,0.3548097,0.22046226,1.422823126,37.4832,127.024,56.4448,1.2313,5759.541016,26.3
13,29.5,24,49.24071884,89.92102814,34.38954535,24.60162548,5.22101744,88.93340258,0.568818816,0.460893466,0.445169376,0.681451632,1.89e-05,0,3.412337754,0.769093622,37.5776,127.083,59.8324,2.6865,5800.494629,33.6
5,28.4,21.8,58.70663452,92.1647644,28.94633627,21.97164343,3.576615244,81.80243786,0.740650252,0.432405598,0.342392785,0.518770149,0.002698702,0,0.001707683,0,37.5507,127.135,35.038,0.5055,5671.518555,28.3
14,28,26.2,62.44710159,92.02532959,31.45321325,26.17607636,5.273748418,12.03940582,0.334585599,0.584828122,0.310184777,0.175261619,0,0,0,0,37.4967,126.927,30.968,0.618,5583.572754,27.8
11,27.1,23.5,47.34165955,94.27574158,29.70342642,22.85139718,4.474158893,52.04133129,0.863950892,0.624826523,0.300537406,0.341434321,0.07118016,0.203989836,0,0,37.5372,127.085,28.7,0.6233,5274.280762,27.5
6,30.1,24.3,62.07383347,92.41542816,31.43310699,25.84961795,8.412392537,45.92383154,0.374452647,0.674710864,0.435860931,0.16432718,0,0.005863146,0,0,37.5102,127.042,54.6384,0.1457,5379.994141,32.5
18,33.5,23.4,53.1751442,79.24076843,28.99807482,22.6708907,6.171863387,97.46958756,0.00063876,0.009577554,0.132100038,0.016264576,0,0,0,0,37.4832,127.024,56.4448,1.2313,4593.259277,30.7
4,30.5,22.3,47.502388,87.14948273,32.20643506,22.71057454,7.21369638,76.10868939,0.318634273,0.144048191,0.305399858,0.068589963,0,0,0,0,37.645,127.022,45.716,2.5348,5787.545898,33.6
4,25.7,22.3,95.11216736,99.44368744,25.94105048,23.61185094,8.367321794,43.63436302,0.786174198,0.55608495,0.652537068,0.568431858,0.252362308,1.027366152,0.809062183,0.34598357,37.645,127.022,45.716,2.5348,5565.044434,26.5
18,24.3,21.1,57.18386078,91.31258392,27.78552759,20.52704245,4.747301867,82.43699392,0.380346674,0.19647392,0.182935328,0.009751673,0.000665886,0.000665886,0,0,37.4832,127.024,56.4448,1.2313,5674.166992,29.4
16,29.1,21.2,61.07830811,96.41587067,29.03740261,24.2538438,7.63356787,107.2130296,0.627902079,0.274151848,0.139604198,0.017133798,2.963162416,0,0,0,37.4697,126.995,82.2912,2.2579,5424.245117,29
11,32.4,24.8,46.36473465,80.76665497,33.81659475,25.95419645,5.043165267,56.43883165,0.28360466,0.383059666,0.197983241,0.234697233,0.062011049,0.007427256,0,0.003826456,37.5372,127.085,28.7,0.6233,5448.95752,33.5
21,27.9,20.5,38.45474625,87.31739044,33.26873918,21.97776721,5.970017572,16.33235832,0.008031805,0.02050379,0.050190897,0.204290815,0,0,0,0,37.5507,127.04,26.298,0.5721,5657.239258,32.8
9,31.4,22,55.33879089,80.78460693,28.4269752,23.33237339,6.017135074,85.11097145,0.408765723,0.344800274,0.26497959,0.148911073,0,0,0,0,37.4967,126.826,50.9312,0.4125,5876.901367,31.3
8,26.5,22.9,53.52330017,84.4029007,29.40108989,22.80274303,4.523798267,38.07613444,0.737021613,0.408139404,0.42577371,0.523708634,0.008168636,0.001480329,0,0,37.4697,126.91,52.518,1.5629,5673.949219,29.5
12,24.2,22.8,86.53914642,95.34266663,24.46352131,22.27683679,9.479386061,41.82648031,0.8557261,0.915535665,0.983756559,0.890465635,0.079544324,3.549242646,4.423115472,0.86513323,37.5507,126.988,132.118,0.5931,5832.006836,23.2
9,29.8,24.2,88.33085632,94.14530945,25.91928766,24.85331617,11.35911574,44.50118848,0.765017233,0.902863036,0.521642426,0.54234659,0.061199848,3.26926853,0,0,37.4967,126.826,50.9312,0.4125,5622.824219,26.1
15,28.3,24.8,79.73077393,92.40428925,27.60487827,25.24008959,9.393504878,33.90307824,0.761591034,0.898442437,0.720177399,0.660482455,0,4.798960686,0,0,37.5507,126.937,30.0464,0.8552,5817.358398,28.4
11,28.4,22.1,42.89172363,91.38083649,32.94104066,23.79323038,6.403671851,68.01900546,0.812135051,0.152227433,0.22254983,0.147220057,3.239095191,0.004330795,0,0,37.5372,127.085,28.7,0.6233,5846.328613,32.1
23,33.4,27.5,70.49311829,92.82252502,29.51558465,24.58880391,4.696250618,72.1691033,0.85516528,0.804013208,0.641103855,0.090064032,2.632643512,3.453045989,0.330291562,0,37.5372,126.891,15.5876,0.1554,4747.272949,29.8
5,32.7,24.8,56.28874207,94.36899567,32.31683276,26.61690347,6.992466549,113.4676418,0.284485845,0.383051726,0.087039452,0.024676718,0.003188586,0,0,0,37.5507,127.135,35.038,0.5055,4991.792969,33.1
17,29,21.8,35.67301559,93.94602966,32.28754017,21.2010269,5.559140012,136.908299,0.030667947,0.120601213,0.000864525,0.000485229,0,0,0,0,37.6181,127.099,53.4712,0.697,5131.895996,31.9
12,31.4,23,72.58864594,96.43179321,27.64759973,25.16261445,8.076436599,34.84206386,0.508130588,0.792071918,0.630460217,0.465519386,0,0.796440249,0.07249316,0.016890714,37.5507,126.988,132.118,0.5931,5546.43457,28.5
24,25.9,23.8,65.51909637,94.66802216,30.27816873,23.96286038,8.345857739,34.63707709,0.802463932,0.620653663,0.315991773,0.34073343,3.646493712,0.716480722,0,0,37.5237,126.909,17.2956,0.2223,5721.03418,29.8
14,33.2,25.8,51.95470428,76.39238739,30.3588529,26.5042624,7.35164845,25.75169361,0.465409574,0.672386915,0.588066601,0.547400286,0,0.254338134,0.444699122,0,37.4967,126.927,30.968,0.618,5583.572754,32.4
3,32.3,25.3,30.65961075,78.58073425,34.28778811,24.02077692,6.220370034,14.20708276,0.151052345,0.003430158,0.028946551,0.016474693,0,0,0,0,37.5776,127.058,33.3068,0.2661,4868.342285,32.7
1,29.4,23.2,41.65124893,86.42977142,31.23174867,22.45652965,5.680568601,82.39876869,0.110591408,0.006814323,0.177075596,0.005995685,0,0,0,0,37.6046,126.991,212.335,2.785,5020.102051,30.1
12,31.3,24.1,66.80857849,99.08643341,28.49743211,25.10287469,9.144537429,49.76186359,0.498974512,0.88792893,0.899621918,0.48284169,0.00193126,1.115206012,1.243198035,0.283033001,37.5507,126.988,132.118,0.5931,5568.199219,28.9
1,30.7,23,48.80298233,86.82920837,33.2502817,25.50216644,6.949457506,136.15039,0.012881946,0.021654709,0.010002368,0.07126863,0,0,0,0,37.6046,126.991,212.335,2.785,5467.114258,33.4
20,31,24.4,63.21678925,95.21530151,30.02172958,23.22819675,6.307566474,86.90263114,0.182180681,0.169357677,0.46829738,0.644097559,0,0,0,0,37.6181,127.004,146.554,4.7296,5525.581543,26.5
7,26.6,21.2,67.56884766,90.8724823,27.72319656,22.78253871,6.382870078,97.94219192,0.465328095,0.265855173,0.224167191,0.242679759,0,0,0,0,37.5776,126.838,12.37,0.0985,4952.109863,28.2
8,32.1,23.6,52.32621765,78.00453949,28.85198158,23.81905389,6.104417304,42.01154665,0.357856423,0.344928144,0.272387332,0.143840614,0,0,0,0,37.4697,126.91,52.518,1.5629,5863.992188,31.1
19,28.3,16.5,56.73490524,89.69981384,24.18424458,18.27907778,9.326770604,72.12111044,0.672232614,0.358521518,0.493721192,0.636772637,0.15289209,0,0.275893927,0.443218164,37.5776,126.938,75.0924,1.7678,4574.11377,24.8
10,28,20.1,79.20082092,92.93534088,26.55003855,23.49301793,11.28437968,37.94095625,0.656319109,0.723160414,0.629005272,0.559043404,0.050153402,0.20861888,0.008615093,0.001953125,37.4562,126.955,208.507,5.1782,5838.026855,25.4
15,29.7,21.3,59.70791626,92.38013458,27.09408216,24.06614072,7.520793458,58.76072963,0.462543377,0.419894023,0.537420472,0.669067594,0,0,1.029931103,0.650672634,37.5507,126.937,30.0464,0.8552,4699.857422,28.2
11,26.7,19.4,63.15608215,88.21160889,26.65994823,21.98944586,4.556817114,27.38538782,0.641500609,0.675407215,0.530394488,0.387907256,0,0,0,0,37.5372,127.085,28.7,0.6233,5814.638184,28.1
10,26.5,19.1,36.22231674,79.41843414,27.44414631,15.81181591,10.06030881,86.14741103,0,0,0.057003476,0.418531569,0,0,0,0,37.4562,126.955,208.507,5.1782,4495.878418,28.2
14,27.9,22.8,53.24621582,92.60920715,27.93604403,21.73814438,8.660503606,20.34289726,0.687012806,0.288880433,0.059408782,0.353241437,0.440995133,0.001953125,0,0,37.4967,126.927,30.968,0.618,5846.571777,27.8
15,28.4,24,74.38088989,89.82080078,27.24989746,23.90526148,4.275131047,28.55413055,0.328251903,0.718383103,0.712402385,0.766800967,0,0.001871979,0.088774185,0.053542279,37.5507,126.937,30.0464,0.8552,5304.320313,25.6
22,34.4,27.6,69.89454651,90.28490448,30.28107579,26.96070228,4.760597179,74.24061839,0.263009752,0.685295308,0.77837342,0.340945352,0,0.014356703,6.966597319,0.00105786,37.5102,127.086,21.9668,0.1332,5019.239746,31.4
11,29.4,25.5,66.12171936,85.55726624,30.00345365,26.95052448,8.35739096,37.94013015,0.38479147,0.376067401,0.369181967,0.192546369,0,0,0.006269143,0,37.5372,127.085,28.7,0.6233,5377.675781,33
16,23.8,18.2,75.16308594,97.01415253,30.91648757,22.34088229,6.957091282,77.24041041,0.625080619,0.460728268,0.385292063,0.645484622,3.287948708,0,6.989345769,1.698450275,37.4697,126.995,82.2912,2.2579,5556.628906,33.3
1,24.5,21.3,90.83084869,99.28427887,23.24117568,21.06414353,17.42206983,60.77825883,0.743400166,0.42053331,0.624534568,0.654893077,2.003646245,0.591209186,0.209783603,1.911161413,37.6046,126.991,212.335,2.785,5893.265625,22
23,35.3,24.8,46.19065857,75.64031219,32.40223005,24.93701014,7.608294715,103.1922205,0.046480689,0.00511463,0.278498931,0.072456848,0,0,0,0,37.5372,126.891,15.5876,0.1554,5539.772949,33.5
24,31.3,24.1,45.54912186,85.95018005,30.15648376,23.79936702,5.737728645,48.55917565,0.08363339,0.090754882,0.243813105,0.33224697,0,0,0,0,37.5237,126.909,17.2956,0.2223,5517.208008,31.2
16,30.8,26.5,51.0997467,91.00849915,32.43462243,25.10095743,8.938055654,125.2845432,0.618142866,0.274511872,0.001443026,0,10.32296984,0.0007808,0,0,37.4697,126.995,82.2912,2.2579,5154.463867,29.3
22,30.7,22.9,70.31716156,88.32131958,28.48411182,24.03609433,10.04022984,80.90632709,0.252224529,0.612446848,0.733228621,0.287470655,0,0.339886223,1.105330626,0,37.5102,127.086,21.9668,0.1332,4520.791504,27.4
16,32.5,23.1,55.48555756,89.36713409,33.62183993,25.80335637,5.381134977,106.855148,0.027256152,0.016146564,0.267520704,0.176194612,0,0,0.264451563,1.00029854,37.4697,126.995,82.2912,2.2579,5241.705566,35
4,26.8,23.5,61.47488022,98.43146515,30.58680422,24.85016623,7.544478118,87.99146171,0.484011029,0.179118724,0.098721737,0.092840002,5.906641761,0.000656397,0,0,37.645,127.022,45.716,2.5348,5482.38916,31.4
5,33.2,22.8,50.08251572,86.85842133,33.96612634,25.54586797,10.79598065,166.3055267,0.416091657,0.352392665,0.358439539,0.499762721,0.296770985,0,0,0.576813244,37.5507,127.135,35.038,0.5055,5390.597168,34.1
14,27.2,18.6,55.64209366,87.99687195,22.7399609,17.21986875,12.38687472,41.50699727,0.222091399,0.163203568,0.705615604,0.849074458,0,0,0.11234956,0.354078551,37.4967,126.927,30.968,0.618,4445.691406,25.4
12,29.5,22.6,55.0014801,81.19049835,28.20862514,23.42451387,5.329411993,35.04510125,0.395771498,0.657098524,0.506243562,0.530892081,0,1.571820526,0.003297676,0,37.5507,126.988,132.118,0.5931,5052.64502,31
9,31.2,23.1,74.76675415,93.33946991,26.54740094,23.59162416,9.003086388,36.78096831,0.245950403,0.549527708,0.704033916,0.676166928,0,0,0.008046362,0.125111591,37.4967,126.826,50.9312,0.4125,5640.645996,28.5
19,31.8,23.2,51.84336853,91.4888382,30.03250195,23.55890999,5.296799307,45.39111936,0.287279135,0.309739849,0.259315386,0.211422476,0,0,0,0,37.5776,126.938,75.0924,1.7678,5248.685547,31.2
19,30.3,21.5,51.359375,91.98972321,31.25532835,23.83364607,6.964950174,34.17048124,0.282555744,0.282069739,0.098392292,0.101319218,0,0,0,0,37.5776,126.938,75.0924,1.7678,5708.634766,30.4
5,32.4,25.5,47.98793793,91.13644409,32.63222188,26.06932037,6.016727696,159.4902125,0.381412298,0.349514702,0.224561277,0.087982768,0,0,0,0,37.5507,127.135,35.038,0.5055,5365.934082,32.9
15,31.3,23.2,52.19754791,81.37997437,28.61878983,22.87159124,7.306045592,27.01097111,0.141955803,0.244350237,0.301543996,0.128368379,0,0,0,0,37.5507,126.937,30.0464,0.8552,5725.915039,31.3
11,35.7,27.2,72.97079468,91.04970551,27.86693481,25.88692372,5.56607607,55.3692832,0.636505372,0.764343397,0.690156265,0.447506192,0.858003968,5.615201908,0.036074343,0,37.5372,127.085,28.7,0.6233,5246.957031,34.8
9,28.8,20.2,68.93279266,94.49783325,28.69863117,21.95094045,6.992202053,63.76363413,0.053868354,0.117528022,0.66262762,0.8481644,0,0,0.09604251,4.862186981,37.4967,126.826,50.9312,0.4125,5836.035645,28.3
21,28.9,25.3,52.87302017,95.36699677,29.89509885,23.03998279,10.38845718,44.49974893,0.907009239,0.432139234,0.069651239,0.296534716,6.11999847,0.001564122,0,0,37.5507,127.04,26.298,0.5721,5703.385742,26.2
23,30.4,21.7,45.88314438,88.12202454,30.48826021,21.02173542,5.839104801,86.06243324,0.036559085,0.049894078,0.032322977,0.152117664,0,0,0,0,37.5372,126.891,15.5876,0.1554,5851.387695,31.4
3,30.6,24.4,65.36990356,88.55764008,27.92096739,24.46093111,8.246824324,21.71229655,0.226708884,0.626359455,0.69863108,0.713588862,0,0,0,0.30997279,37.5776,127.058,33.3068,0.2661,5627.421875,28.8
23,29.1,26.3,63.24331665,90.76448822,30.32241174,24.07583405,5.399735828,66.63928517,0.194160168,0.1967561,0.184031726,0.120880543,0,0,0,0,37.5372,126.891,15.5876,0.1554,5679.824707,31.3
3,30.7,23.4,52.10374069,78.00995636,29.57358321,24.13714813,6.606598357,12.58909613,0.112228233,0.364566334,0.515683372,0.713694236,0,0,0,0,37.5776,127.058,33.3068,0.2661,5096.946289,27.8
14,23,20.4,53.72899628,89.3084259,28.53570841,20.99722892,5.003979916,14.41441095,0.37015222,0.183260336,0.168328148,0.007109591,0.007735982,0,0,0,37.4967,126.927,30.968,0.618,5670.20166,28.2
1,26.6,17.7,51.09666061,87.78498077,26.86821016,19.74532567,5.712735792,81.88133945,0.038213006,0.041630154,0.233208649,0.380820142,0,0,0.002001806,0.345137554,37.6046,126.991,212.335,2.785,4692.945313,27.9
3,31.3,24.7,74.15154266,91.06726074,29.20226143,26.35232326,7.295575162,10.19082195,0.457832611,0.87537694,0.624347325,0.41899295,0,0.559085791,0.055319305,0.028605795,37.5776,127.058,33.3068,0.2661,5490.469727,29.3
19,30.4,23.2,35.43240356,78.26646423,32.41977283,23.22628488,6.257639448,50.39106401,0.040463791,0.12036314,5.44e-05,0,0,0,0,0,37.5776,126.938,75.0924,1.7678,5161.941406,32.4
18,35.5,28,74.50481415,91.72969055,29.376811,26.54841055,5.379953146,48.23147845,0.245205724,0.666946496,0.737405673,0.342983258,0,0.03929231,1.598136311,0.019614999,37.4832,127.024,56.4448,1.2313,5018.997559,33
16,30.6,23.3,80.82595825,96.36764526,28.25416577,25.23780401,6.910211126,49.76897049,0.379908561,0.742734548,0.583112824,0.423368379,0.001400678,1.135975669,0.068804473,0.0064248,37.4697,126.995,82.2912,2.2579,5470.84375,28.4
7,32,27,70.7824707,94.556427,28.24015878,24.48134039,4.231942609,72.42741934,0.866503638,0.791190514,0.597231907,0.054516787,2.23595378,4.085191681,0.383903066,0,37.5776,126.838,12.37,0.0985,4744.449219,29.3
25,34.8,22.4,53.70753098,86.34106445,27.6393738,23.86470648,16.35630469,58.34356201,0.568095279,0.346250151,0.148632317,0,0.256075149,0.136456575,0,0,37.5237,126.97,19.5844,0.2713,5544.785645,27.9
13,31,22.3,32.96311188,76.23884583,31.55476426,20.28913061,9.175154746,38.18643439,0.00255313,0.076527715,0.254411951,0.550667431,0,0,0,0,37.5776,127.083,59.8324,2.6865,5199.567383,31.8
1,24.4,20.3,41.47164536,93.06108856,29.95162098,20.16131601,8.372485022,134.2731379,0.015547891,0,0.18207954,0.000409031,0.002676702,0,0,0,37.6046,126.991,212.335,2.785,5388.140137,27.8
19,29.7,21.5,75.50250244,92.70108795,22.83101936,21.00958758,6.263387312,57.28170443,0.772426455,0.681084866,0.680143628,0.43747661,0.652728004,0.116388805,1.17260773,0.002796114,37.5776,126.938,75.0924,1.7678,5882.380371,23.9
3,23.5,20.6,67.58734131,95.84169769,25.69948459,20.70300339,4.937665204,38.03887137,0.92302086,0.835577841,0.454178662,0.319897918,1.996091746,5.89491715,0.242371443,0,37.5776,127.058,33.3068,0.2661,4902.631348,24.2
25,34.4,27.5,50.4918251,69.62942505,32.53755268,27.81044252,6.079920948,9.349428813,0.187483554,0.285447731,0.552701909,0.557099657,0,0,0,0,37.5237,126.97,19.5844,0.2713,4860.547363,34
9,24.2,19.3,82.83502197,92.38220215,20.55002932,16.4274109,15.32447362,82.27119978,0.837348706,0.931794945,0.971506672,0.708287455,0.704817708,2.217983147,4.081861019,0.700926383,37.4967,126.826,50.9312,0.4125,4431.057129,20.7
8,30.4,23.8,40.499897,93.22960663,31.37293474,23.85745351,5.460856179,46.26120182,0.222368957,0.321028861,0.285402113,0.115563974,0,0,0,0,37.4697,126.91,52.518,1.5629,5145.487793,31.4
16,30.4,23.1,77.36975861,89.73621368,28.85631293,25.22312307,8.171018581,72.30899239,0.392714674,0.680620165,0.46477913,0.080517636,0.052367746,2.178046584,0.0007808,0,37.4697,126.995,82.2912,2.2579,5296.883301,32.4
14,28.5,24.5,31.98580933,90.36535645,31.18566637,22.70580166,5.900862505,18.48293279,0.14060408,0.132563792,0.016453466,0.031723459,0,0,0,0,37.4967,126.927,30.968,0.618,4676.905273,31.2
13,29.5,24.7,52.04979324,77.80283356,29.1827195,24.59085877,5.510477006,24.09216738,0.462262969,0.44283501,0.491707096,0.624362558,0,0.001885471,0,0,37.5776,127.083,59.8324,2.6865,4848.42334,29.2
20,28.7,24.8,70.21327972,97.91261292,29.29306968,22.16049803,6.681804379,93.4644208,0.194931606,0.187636232,0.135272199,0.027227535,0,0,0,0,37.6181,127.004,146.554,4.7296,5766.23877,30.5
22,32.1,25.3,45.88624954,92.47059631,31.57568868,24.23858157,6.960086515,104.3109035,0.06865675,0.177973571,0.091158775,0.090806253,0,0,0,0,37.5102,127.086,21.9668,0.1332,5632.53418,32.4
22,27.8,20.1,66.73828125,91.4557724,26.14378247,21.65624621,4.100689391,33.7663246,0.623374487,0.689613163,0.567251148,0.397998778,0,0,0,0,37.5102,127.086,21.9668,0.1332,5802.83252,29
19,23.4,17.2,41.40031052,85.85330963,26.5090883,16.62075549,9.571421991,54.61241158,0.266792821,0.04386327,0.179342809,0.140281696,0,0,0,0,37.5776,126.938,75.0924,1.7678,4535.02002,27.4
9,25.1,20.1,43.45999146,85.02210999,25.96551155,17.46285741,9.761212905,122.1082428,0.248981096,0.091724688,0.153033965,0.114764184,0,0,0,0,37.4967,126.826,50.9312,0.4125,4510.756836,27.4
25,28.3,24.4,47.37854004,69.53542328,30.20041119,23.64952661,7.076612194,18.54231278,0.330682957,0.28673203,0.156916218,0.471160148,0,0,0,0,37.5237,126.97,19.5844,0.2713,4644.800781,31.3
5,33.6,24.4,47.02640915,94.84778595,31.60930773,24.06734312,7.21816812,123.3740178,0.066242789,0.194051037,0.075619889,0.074811242,0,0,0,0,37.5507,127.135,35.038,0.5055,5638.637207,33.3
13,31.9,24.4,50.42127991,71.85398102,28.02260719,23.67902824,6.308154007,26.96707686,0.401045462,0.492894948,0.570227816,0.6471108,0,0,0,0.064672384,37.5776,127.083,59.8324,2.6865,5715.945801,29.7
3,31.6,23.3,48.69047928,83.97358704,30.09129171,24.56563342,6.138223678,20.57304966,0.209343664,0.257469446,0.204091465,0.14212525,0,0,0,0,37.5776,127.058,33.3068,0.2661,5863.555664,31.1
6,33.4,26.9,42.16510773,84.75518799,33.5298172,26.51441287,7.100323081,72.90180095,0.390822556,0.332972885,0.243561741,0.102339308,0,0,0,0,37.5102,127.042,54.6384,0.1457,5379.994141,33.6
13,31.9,25.7,49.55928802,85.11917114,31.17733313,26.53375074,5.828576118,31.42110157,0.425167944,0.329189005,0.302448067,0.528035394,0,0,0,0,37.5776,127.083,59.8324,2.6865,5601.636719,32.3
24,27.5,24.1,60.66346359,97.30918121,30.39432207,24.62422954,8.542524576,47.77809525,0.623688658,0.249073718,0.06685561,0.065355952,3.409554418,0,0,0,37.5237,126.909,17.2956,0.2223,5474.605957,29.6
